med_condition_id,med_condition
276,OPIOID-INDUCED CONSTIPATION
436,CRANIOCEREBRAL TRAUMA
451,TINNITUS
287,ANUERISMAL SUBARACHNOID HAEMORRHAGE
408,RETROPERITONEAL SURGERY
581,ADENOVIRUS
520,ACTINIC KERATOSIS
524,NEUROGENIC BLADDER DYSFUNCTION
603,COMMON COLD
570,PRIMARY AMENORRHEA
477,POST-POLIO SYNDROME
573,OCULOPHARYNGEAL MUSCULAR DYSTROPHY (OPMD)
535,TRANSFUSION DEPENDENT THALASSEMIA
318,NONSENSE MUTATION DYSTROPHINOPATHY
410,OCCLUSIONS
708,SKELETAL PATHOLOGY
430,NEUROFIBROMATOSIS TYPE I
673,AXIAL SPONDYLARTHRITIS
742,FAMILIAL AMYLOIDOTIC POLYNEUROPATHY
693,ANTIBIOTIC RESISTANCE
733,PRIMARY CILIARY DYSKINESIA
752,SUBUNGUAL ONYCHOMYCOSIS (DSO)
679,LIPOPROTEIN PRODUCTION
709,ILEOSTOMY
787,LI-FRAUMENI SYNDROME
784,VITREOUS HEMORRHAGE
833,TONSILLECTOMY
823,REFRACTORY EPILEPTIC ENCEPHALOPATHY
1207,ISOLATED CERVICAL DYSTONIA
800,VIRUS-ASSOCIATED CANCER
806,HEPATIC STEATOSIS
810,X-LINKED MYOTUBULAR MYOPATHY
771,HYPOGLYCEMIA UNAWARENESS
818,BRONCHOCONSTRICTION
1282,NOSEBLEED
1210,CAT ALLERGY
1273,RADIATION DERMATITIS
1121,HYPOXIC ISCHEMIC ENCEPHALOPATHY
244,SUBACUTE CUTANEOUS LUPUS ERYTHEMATOSUS
1346,ORBITAL CELLULITIS
1323,EXPANDED CORD BLOOD TRANSPLANTATION
1200,CLEAR CELL SARCOMA
1074,SEBORRHEIC DERMATITIS
1238,PERIPHERAL SPONDYLOARTHRITIS
1229,JAW SURGERY
1088,GAUCHER DISEASE TYPE 3
1029,HYPOPLASTIC LEFT HEART SYNDROME (AUTO CELL-II)
1057,DEGENERATIVE SPONDYLOLISTHESIS
1030,BK VIREMIA
1157,PULMONARY ASPERGILLOSIS
1191,CROUP
1120,ICHTHYOSIS
1198,SMALL FOR GESTATIONAL AGE
1082,MYOCARDIAL RECOVERY
1205,NEURONAL CEROID LIPOFUSCINOSIS TYPE 1 (CLN1)
258,ULCERATIVE COLITIS
933,RELAPSED AND/OR REFRACTORY B-CELL LYMPHOMA
174,NEUROPATHIC PAIN
131,INFLUENZA
796,METASTATIC SOLID TUMOURS
191,PARKINSON'S DISEASE
240,SQUAMOUS CELL CARCINOMA
633,NEUROENDOCRINE TUMORS
649,PAROXYSMAL NOCTURNAL HEMOGLOBINURIA
81,FALLOPIAN TUBE CANCER
415,OVERWEIGHT/OBESITY
256,TYPE 1 DIABETES
549,OSTEOGENESIS IMPERFECTA
702,BREAST CANCER TRIPLE NEGATIVE
57,CROHN'S DISEASE
538,MAJOR CARDIOVASCULAR EVENTS
346,FRONTOTEMPORAL DEMENTIA
404,INTRACEREBAL HEMORRAGE
338,VENOUS THROMBOEMBOLISM
177,NON-HODGKIN LYMPHOMA
794,NON ALCOHOLIC FATTY LIVER DISEASE (NAFLD)
308,LEUKEMIA
362,CHRONIC LYMPHOCYTIC LEUKEMIA
232,SICKLE CELL DISEASE
475,RHINITIS
851,GASTROINTESTINAL SURGERY
719,ACUTE MYELOID LEUKEMIA
876,COMPLEX REGIONAL PAIN SYNDROME (CRPS)
438,ORTHOSTATIC HYPOTENSION
838,ALOPECIA AREATA
27,BRAIN METASTASES
188,PANCREATIC NEUROENDOCRINE TUMORS
918,DISTAL RENAL TUBULAR ACIDOSIS
982,LAMELLAR ICHTHYOSIS
151,MACULAR EDEMA
210,PRIMARY IMMUNODEFICIENCY DISEASES
889,SCOLIOSIS
288,NEOVASCULAR AGE-RELATED MACULAR DEGENERATION
264,URINARY TRACT INFECTION
1214,PERTUSSIS
1028,CORONAVIRUS DISEASE (COVID-19)
727,CATARACT SURGERY
688,ENTEROBACTERIACEAE
382,CHOROIDEREMIA
495,INDOLENT SYSTEMIC MASTOCYTOSIS
861,FIBRODYSPLASIA OSSIFICANS PROGRESSIVA (FOP)
1071,HEPATITIS D
534,THALASSEMIA
574,AMYLOIDOSIS
960,FOOD ALLERGIES
1217,PLATYSMA PROMINENCE
31,BREAST CANCER METASTATIC
1059,ACHONDROPLASIA
1173,ALVEOLAR SOFT PART SARCOMA
1280,MENSTRUAL MIGRAINE
1163,ALLOGRAFT DYSFUNCTION
516,HER2 NEGATIVE METASTATIC OR LOCALLY ADVANCED UNRESECTABLE BRCA ASSOCIATED BREAST CANCER
1122,INFANT RESUSCITATION
1068,UTERINE CANCER
457,END STAGE RENAL DISEASE
864,ATHEROSCLEROSIS
499,ACUTE CORONARY SYNDROME
1105,CANDIDEMIA
1104,CANDIDIASIS
1310,ENDOMETRIAL HYPERPLASIA
1040,HER2-AMPLIFIED BILIARY TRACT CANCERS
184,OVARIAN CANCER PRIMARY PERITONEAL
1126,ARTERIOVENOUS MALFORMATIONS (AVM)
530,VENOUS THROMBOSIS
1147,GASTRO-ENTEROPANCREATIC NEUROENDOCRINE TUMORS
1000,XEROSTOMIA
893,FOCAL-ONSET SEIZURES
1162,PRESSURE ULCERS
1170,POLYMYOSITIS
1246,PERIPHERAL NEUROPATHY
1194,OSTEORADIONECROSIS
1232,BIRCH POLLEN ALLERGY
1230,CORNEAL ENDOTHELIAL DYSTROPHY
1159,HYPERTROPHIC SCARS
1171,CLOSTRIDIOIDES DIFFICILE
1358,EOSINOPHILIC DISEASES
228,SECONDARY IMMUNODEFICIENCY DISEASES
233,SICKLE CELL ANEMIA
1152,BRONCHIECTASIS
1202,BLOOD INFECTION
293,MALIGNANT SOLID TUMOURS
354,AUTISM
418,SUPRAVENTRICULAR TACHYARRHYTHMIA
390,SUBFOVEAL NEOVASCULAR AGE-RELATED MACULAR DEGENERATION
398,NEUTROPSYCHIATRIC CONDITIONS
225,ROSACEA
449,DOWN SYNDROME
68,DRUG ADDICTION
290,LIPOPROTEIN PARTICLE PRODUCTION
277,HEALTH IMPROVEMENT
435,PREMATURE LABOUR
434,PRE-ECLAMPSIA
443,VULVOVAGINAL ATROPHY
447,PULMONARY NODULES
375,BONE SCINTIGRAPHY
238,SPINAL CORD LESION
409,PELVIC SURGERY
545,UNRESECTABLE ADVANCED PERIHILAR CHOLANGIOCARCINOMA
518,EGFR MUTATION SOLID MALIGNANCIES
360,NEPHROPATHY
543,TRAUMA
547,LYSOSOMAL ACID LIPAS DEFICIENCY
706,RECURRENT MISCARRIAGE
700,UNSPECIFIED
575,LIGHT CHAIN DEPOSITION DISEASE
502,SPONTANEOUS CORONARY ARTERY DISSECTION (SCAD)
262,UREA CYCLE DISORDERS
452,CHOLESTATIC LIVER DISEASE
511,AXILLARY HYPERHIDROSIS
170,MYOCARDIAL PERFUSION
309,TUBEROUS SCLEROSIS COMPLEX (TSC)
357,SITOSTEROLEMIA
620,EPISODIC CLUSTER HEADACHE
606,CHRONIC SUBDURAL HEMATOMA
651,PROPHYLAXIS FOR THROMBOEMBOLISM PREVENTION
605,HYPOTENSION
641,MENINGITIS
728,FACIAL CAPILLARY MALFORMATIONS
736,SUDDEN DEAFNESS
741,ATHLETE'S FOOT (TINEA PEDIS)
711,POSITRON EMISSION TOMOGRAPHY (PET)
686,CHILDHOOD SARCOMAS
660,EMBOLIC STROKE
853,ADENOVIRAL CONJUNCTIVITIS
849,INTRACRANIAL METASTASIS
761,HYPOFIBRINOGENEMIA
614,ACUTE MAJOR BLEEDING
592,HAIRY CELL LEUKEMIA
1225,CARDIAC ALLOGRAFT VASCULOPATHY
903,MALAR BAGS
867,RADIATION ASSOCIATED LUNG INJURY
844,ADENOCARCINOMA OF PANCREAS
1268,CANNABIS USE DISORDER
1062,PROTOPORPHYRIA
1354,ATRIAL MITRAL REGURGITATION
1286,DEVELOPMENTAL AND EPILEPTIC ENCEPHALOPATHY
1305,PLEUROPULMONARY BLASTOMA
588,TRANSTHYRETIN MEDIATED AMYLOIDOSIS
1303,ERECTILE DYSFUNCTION
43,CHRONIC INFECTION DUE TO PSEUDOMONAS AERUGINOSA
1130,MULTIFOCAL MOTOR NEUROPATHY (MMN)
1222,GUILLAIN-BARRÉ SYNDROME
1334,IGE-MEDIATED FOOD ALLERGY
1276,ANGIOGENIC SARCOMA
1332,COMPLEX CARDIOVASCULAR SURGERY
1208,BORDETELLA PERTUSSIS
1081,LEBER CONGENITAL AMAUROSIS
1236,METHYLMALONIC ACIDEMIA
1265,URINARY RETENTION
953,PEMPHIGUS
1167,SUBCONJUNCTIVAL HEMORRHAGE
1181,CERVICAL FACETOGENIC PAIN
999,PAROTID GLAND HYPOFUNCTION
1063,HERNIA
5,ACUTE BACTERIAL SKIN AND SKIN STRUCTURE INFECTIONS
1219,ISOLATED METHYLMALONIC ACIDEMIA
1124,LACERATION
571,ADVANCED SOLID TUMORS
12,ALLERGIES PEANUT
950,RECESSIVE DYSTROPHIC EPIDERMOLYSIS BULLOSA
271,HYPERKALEMIA
935,B-CELL ACUTE LYMPHOBLASTIC LEUKEMIA
235,SMALL CELL LUNG CANCER
183,OVARIAN CANCER
587,CHOLANGIOCARCINOMA
701,KIDNEY TRANSPLANTATION
965,GRAVES` OPHTHALMOPATHY
942,PNEUMOCOCCAL DISEASE
44,CHRONIC INFLAMMATORY DEMYELINATING POLYNEUROPATHY (CIDP)
117,HUMAN IMMUNODEFICIENCY VIRUS (HIV)
631,ALLERGIC CONJUNCTIVITIS
161,MULTIPLE SCLEROSIS
15,AMYOTROPHIC LATERAL SCLEROSIS (ALS)
137,KIDNEY DISEASE
98,HEMOPHILIA
519,ADVANCED HEPATOCELLULAR CARCINOMA
146,LUNG DISEASE
61,CYSTIC FIBROSIS
136,JUVENILE IDIOPATHIC ARTHRITIS (JIA)
179,NON-SMALL CELL LUNG CANCER
820,HEPATO CELLULAR CARCINOMA
257,TYPE 2 DIABETES
252,TOURETTES SYNDROME
476,FOCAL SEGMENTAL GLOMERULOSCLEROSIS (FSGS)
847,POST-OPERATIVE URINARY RETENTION
19,ASTHMA
319,CHRONIC HEART FAILURE
829,CRITICALLY ILL
680,EPITHELIAL OVARIAN CANCER
681,LUPUS NEPHRITIS
487,RADICULOPATHY
224,RHEUMATOID ARTHRITIS
63,DIABETES MELLITUS
340,SEDATION
380,GLABELLAR LINES
635,LOWER RESPIRATORY TRACT INFECTION
112,HIDRADENITIS SUPPURATIVA
306,METABOLIC SYNDROME
395,HEREDITARY ANGIOEDEMA
211,PRIMARY MYELOFIBROSIS (PMF)
73,ENDOMETRIAL CANCER
371,PSORIASIS
1234,POSTPRANDIAL HYPERLIPIDEMIA
420,ADDICTION
860,BLOOD LOSS
858,FONTAN PALLIATION
227,SCHIZOPHRENIA
1002,ER+/HER2-BREAST CANCER
454,PROGRESSIVE FAMILIAL INTRAHEPATIC CHOLESTASIS
1072,ONYCHOMYCOSIS
564,RETINOPATHY OF PREMATURITY
636,PEDIATRIC-ONSET HYPOPHOSPHATASIA
724,SQUAMOUS CELL CARCINOMA OF THE HEAD AND NECK
866,LUNG FUNCTION
977,HRRM/HRD POSITIVE ADVANCED CANCER
827,SURGERY
775,ARGINASE-1 DEFICIENCY
402,EOSINOPHILIC GRANULOMATOSIS
1046,HEREDITARY TRANSTHYRETIN-MEDIATED AMYLOID POLYNEUROPATHY
663,EPISODIC MIGRAINE
403,MASSETER MUSCLE HYPERTROPHY
230,SEPSIS
817,HIGH GRADE SQUAMOUS INTRAEPITHELIAL LESION (HSIL) OF THE CERVIX
337,GASTRIC CANCER
945,RESTLESS LEGS SYNDROME
955,IMMUNE THROMBOCYTOPENIC PURPURA (ITP)
940,OSTEOMEDULLARY DISEASE
597,ESSENTIAL TREMOR
715,ALCOHOL USE DISORDER
79,FABRY DISEASE
250,THYROID CANCER
907,POSTTRAUMATIC JOINT CONTRACTURES
86,GASTROINTESTINAL STROMAL TUMOR (GIST)
927,GASTROESOPHAGEAL REFLUX DISEASE (GERD)
612,DESMOID TUMORS
122,HYPERCHOLESTEROLEMIA
1168,PULMONARY FIBROSIS
772,CIRRHOSIS OF THE LIVER
1118,THYROID EYE DISEASE
618,GRANULOMATOSIS
515,THROMBOCYTOPENIA
759,NASAL POLYPOSIS
1160,MULTIPLE SYSTEM ATROPHY
654,MYELOPROLIFERATIVE NEOPLASMS
659,VASOMOTOR SYMPTOMS
878,GLOMERULOPATHY
1249,ENDOMETRIOMA
1025,OPIOID USE DISORDER
1309,SLEEP DISORDER
352,ESOPHAGEAL SQUAMOUS CELL CARCINOMA (ESCC)
890,PERIOPERATIVE PAIN
213,PROSTATE ADENOCARCINOMA
373,OVARIAN STIMULATION
1184,"IMMUNOGLOBULIN ANEPHROPATHY"
1128,AUTOIMMUNE CYTOPENIAS
369,BILIARY ATRESIA
407,ABDOMINAL SURGERY
504,ACUTE MYOCARDIAL INFARCTION
316,OBSESSIVE COMPULSIVE DISORDER
34,CARCINOMA OF THE HEAD AND NECK
769,RADIONECROSIS
593,DRY EYE DISEASE
67,DISCOID LUPUS ERYTHEMATOSUS
586,OSTEOSARCOMA
1148,ACTIVE ROTATOR CUFF TENDINOPATHY
1149,GRIN DISORDERS
497,NON-CYSTIC FIBROSIS BRONCHIECTASIS
342,MELANOMA WITH BRAF MUTATION
355,UTERINE LEIOMYOMA
104,HEPATITIS C VIRUS GENOTYPE 1
368,CARDIAC ARREST
384,ABNORMAL WOUND HEALING
417,SUPRAVENTRICULAR TACHYCARDIA
491,POST PARTUM MOOD SYMPTOMS
553,ANASTHESIA
322,IDIOPATHIC CONSTIPATION
378,PAN-UVEITIS
128,IMMUNE THROMBOCYTOPENIA (ITP)
517,RECOVERY AFTER ANESTHESIA
133,INTRA-ABDOMINAL INFECTION
484,LIVER TRANSPLANTATION
450,BINGE EATING DISORDER
282,HEPATIC ENCEPHALOPATHY
510,SYMPTOMATIC PULMONARY HYPERTENSION ASSOCIATED WITH IDIOPATHIC INTERSTITIAL PNEUMONIAS
347,PICK'S DISEASE
92,GLIOMA MALIGNANT
23,BARRETT'S ESOPHAGUS (BE)
236,SMOKING CESSATION
253,TRANSFUSIONAL IRON OVERLOAD
412,POSTPRANDIAL HYPOTENSION
298,INCOMPLETE ATYPICAL FEMUR FRACTURES
426,HYPERAMMONEMIA
683,NON-PROLIFERATIVE DIABETIC RETINOPATHY
674,HYPERTROPHIC GASTROCNEMIUS MUSCLES
661,SYSTEMIC EMBOLISM
783,DIABETIC RETINOPATHY
770,HEPATIC VENO-OCCLUSIVE DISEASE
242,STRESS
883,BOWEL RESECTION
814,ADULT ONSET STILL'S DISEASE
868,PREVENTION OF RIGHT HEART FAILURE
873,HYPERGLYCEMIA
1241,DUODENAL BIOPSY
884,TYMPANOSTOMY
764,HYPERMUTANT CANCER
872,FOCAL SEGMENTAL GLOMERULOSCLEROSIS
1257,PIK3CA-RELATED OVERGROWTH SPECTRUM (PROS)
1233,PRETERM INFANCY
992,MASTOCYTOSIS
1254,RIGHT VENTRICULAR FAILURE
1329,ACUTE POST-TRAUMATIC HEADACHES
1321,LUNG TRANSPLANTATION
1335,CHIMERIC ANTIGEN RECEPTOR T-CELL THERAPY
1348,MYOCARDITIS
1036,T CELL MALIGNANCY
1090,BACTEREMIA
1203,HYPERINSULINEMIA
1031,EPSTEIN-BARR VIRUS-RELATED LYMPHOPROLIFERATIVE DISEASES
36,CARCINOMAS OF THE ANAL CANAL
1166,ACNEFORM ERUPTIONS
1180,FOCAL CORTICAL DYSPLASIA (FCD)
1189,CHOREA
1080,PRESBYOPIA
1098,ATHEROSCLEROTIC PLAQUE PROGRESSION
1158,PRECANCEROUS LESION
1091,KIDNEY STONES
1150,LICHEN SCLEROSUS
523,HEART FAILURE WITH PRESERVED EJECTION FRACTION
265,VASCULAR DISEASE
323,DEPRESSION
336,ANEURYSMAL SUBARACHNOID HEMORRHAGE
737,INSOMNIA
975,ALLERGIES
103,HEPATITIS B VIRUS
922,HYPEROXALURIA
527,"BREAST CANCER, HORMONE RECEPTOR POSITIVE, HER2 NEGATIVE LOCALLY ADVANCED OR METASTATIC"
930,GLYCOGEN STORAGE DISEASE TYPE IA
116,HOMOZYGOUS FAMILIAL HYPERCHOLESTEROLEMIA
175,NOCTURIA
1023,CANCER
645,ACTIVE AXIAL SPONDYLOARTHRITIS
836,LENNOX-GASTAUT SYNDROME
723,B-CELL NON-HODGKIN'S LYMPHOMA
353,MYELOFIBROSIS
959,BETA-THALASSEMIA
981,PLASMA CELL DISORDERS
89,GLAUCOMA
987,SARCOIDOSIS-ASSOCIATED PULMONARY HYPERTENSION
431,HEMATOPOIETIC STEM CELL TRANSPLANT
1008,VULVODYNIA
243,STROKE
206,POST-STROKE SPASTICITY OF LOWER LIMB
929,VITILIGO
1017,APLHA-MANNOSIDOSIS
598,CORONARY ARTERY DISEASE
465,HIP ARTHROPLASTY
915,TRANSPOSITION OF THE GREAT ARTERIES (TGA)
388,DIABETES
315,FOLLICULAR LYMPHOMA
125,HYPOGONADAL
917,CEREBRAL EDEMA
877,MAJOR ADVERSE KIDNEY EVENTS
494,SMOLDERING SYSTEMIC MASTOCYTOSIS
865,PRADER-WILLI SYNDROME
905,ORAL CAVITY CANCER
425,SEASONAL ALLERGIC RHINITIS
758,POLYMYALGIA RHEUMATICA
948,CEREBRAL PALSY
153,MALIGNANT PLEURAL MESOTHELIOMA
938,PSYCHOSIS
9,ATTENTION DEFICIT HYPERACTIVITY DISORDER (ADHD)
221,RENAL INSUFFICIENCY
134,ISCHEMIC ATTACK AND MINOR STROKE
1129,MUCOPOLYSACCHARIDOSIS TYPE II (MPS II)
414,ALBUMINURIA
1127,ACUTE RESPIRATORY FAILURE
642,PERSONALITY DISORDER
62,CYTOMEGALOVIRUS
1274,PNEUMONITIS
512,NON-SQUAMOUS CARCINOMA OF THE LUNG
83,FAMILIAL HYPERCHOLESTEROLEMIA
1144,FONTAN CIRCULATION
1087,AORTIC VALVE STENOSIS
714,ORGAN TRANSPLANTATION
1190,LONG COVID
747,CHRONIC MYELOMONOCYTIC LEUKEMIA (CMML-2)
656,NARCOLEPSY
440,LYMPHOID MALIGNANCIES
194,PERITONEAL CARCINOMATOSIS
580,MICROSCOPIC POLYANGITIS
552,PROPHYLAXIS OF INFECTIONS
754,OSTEONECROSIS
1161,NOTALGIA PARESTHETICA
1188,DENSE BREASTS
1108,PANIC DISORDER
320,ADENOCARCINOMA
479,HUNTER SYNDROME
640,EPSTEIN-BARR VIRUS (EBV) INFECTION
746,ALCOHOLIC HEPATITIS (AH)
1174,INCLUSION BODY MYOSITIS
333,UTERINE FIBROIDS
383,SOFT TISSUE DEFECTS
273,SECONDARY HYPERPARATHYROIDISM
219,RENAL CELL CARCINOMA METASTATIC
397,ANKYLOSING SPONDYLITIS
108,HEPATITIS C VIRUS GENOTYPE 3
537,UNCONTROLLED BLEEDING
93,GOUT
705,INHERITED THROMBOPHILIA
578,ACHILLES TENDINOSIS
500,PRE- AND POST-CAPILLARY PULMONARY HYPERTENSION (CPCPH)
541,PAPILLARY RENAL CELL CARCINOMA
544,CHRONIC PHASE OR ACCELERATED PHASE CHRONIC MYELOID LEUKEMIA
446,PLEXIFORM NEUROFIBROMAS
707,SHOULDER REPLACEMENT
628,CHRONIC CLUSTER HEADACHE
609,GNE MYOPATHY (GNEM)
611,AGGRESSIVE FIBROMATOSIS
652,ACUTE OPTIC NEURITIS
60,ACUTE OTITIS EXTERNA
744,BIPOLAR POSTPARTUM DEPRESSION
749,NUT MIDLINE CARCINOMA (NMC)
77,NEUROGENIC DETRUSOR OVERACTIVITY
763,THYROID DISORDER
778,CORNEAL MELT
596,KERATOPROSTHESIS
881,DIARRHEA
937,COAGULOPATHY
826,ENTERAL FEEDING INTOLERANCE
1027,OPEN ANGLE GLAUCOMA
1283,GRAVE'S DISEASE
1317,HAEMOPHILUS INFLUENZAE SEROTYPE A
1301,IMMUNOTHERAPY-RELATED HEPATITIS
1331,HIGH-RISK ALCOHOL USE
1347,HEMOCHROMATOSIS
1341,CANCER ASSOCIATED CACHEXIA
1272,VEXAS SYNDROME
266,VIRAL GASTROENTERITIS
1209,INFANTILE KRABBE DISEASE (GLOBOID CELL LEUKODYSTOPHY)
1058,DYSLEXIA
1054,RETINOBLASTOMA
1060,CONGENITAL ADRENAL HYPERPLASIA
912,IDIOPATHIC INTRACRANIAL HYPERTENSION
1051,DIGITAL NERVE LACERATION
1223,ACID SPHINGOMYELINASE DEFICIENCY
1034,CIRCULATING TUMOR DNA (CTDNA) POSITIVE
1052,ISCHEMIC MITRAL INSUFFICIENCY
1045,PRIMARY SCLEROSING CHOLANGITIS (PSC)
1218,PROPIONIC ACIDEMIA
1116,INVASIVE PULMONARY ASPERGILLOSIS
1185,HER2 POSITIVE ADVANCED GASTROESOPHAGEAL ADENOCARCINOMA
1176,MESOTHELIOMA
1197,IDIOPATHIC SHORT STATURE
1113,DIFFUSE CUTANEOUS SYSTEMIC SCLEROSIS
76,EPENDYMOMA
1112,HERPES SIMPLEX VIRUS (HSV)
345,CHRONIC HEPATITIS B
278,SOLID TUMORS
619,GASTROESOPHAGEAL JUNCTION CANCER
828,ALPHA-1 ANTITRYPSIN DEFICIENCY (AATD)
154,MELANOMA
743,AUTOSOMAL DOMINANT POLYCYSTIC KIDNEY DISEASE
74,ENDOMETRIOSIS
456,CHRONIC KIDNEY DISEASE (CKD)
343,CASTRATION RESISTANT PROSTATE CANCER
692,PRIMARY PERITONEAL CANCER
196,PLAQUE PSORIASIS
392,EPILEPSY
735,GERM CELL TUMOUR
433,ATRIAL FIBRILLATION
311,SYSTEMIC LUPUS ERYTHEMATOSUS
782,ARTICULAR CARTILAGE DEFECT
980,MENOPAUSE-RELATED VASOMOTOR SYMPTOMS
482,OSTEOARTHRITIS
467,ANALGESIA
268,VON WILLEBRAND DISEASE
351,AUTISM SPECTRUM DISORDER
799,RHINOSINUSITIS
837,FRACTURES
697,SHORT BOWEL SYNDROME
710,SYNOVIAL SARCOMA
600,LIPOSARCOMA
40,CENTRAL RETINAL VEIN OCCLUSION
401,PANCREATIC ADENOCARCINOMA
648,THROMBOTIC THROMBOCYTOPENIC PURPURA
88,"GENERALIZED MYASTHENIA GRAVIS (MG)."""
1213,DIPHTHERIA
22,AUTOIMMUNE DISEASE
330,GIANT CELL ARTERITIS
954,RETINITIS PIGMENTOSA (RP)
856,CHARCOT-MARIE-TOOTH DISEASE TYPE 1A
590,HEMORRHAGE
821,HEPATITIS B
941,ANAL DYSPLASIA
87,GAUCHER DISEASE TYPE 1
1020,METASTATIC CANCERS
863,HYPOACTIVE SEXUAL DESIRE
1244,GASTROESOPHAGEAL ADENOCARCINOMA
968,KIDNEY TRANSPLANT REJECTION
199,POLYCYTHEMIA VERA (PV)
1155,URTICARIA
85,FRAGILE X SYNDROME
921,ANAL CANCER
49,COLON CANCER
302,NAUSEA AND VOMITING
90,GLIOBLASTOMA
1271,PERICARDITIS
1177,GRANULOMATOSIS WITH POLYANGIITIS (GPA)
1041,ATOPIC HAND AND FOOT DERMATITIS
1259,PERITONEAL CARCINOMA
1328,POST INFLAMMATORY ANOSMIA
1089,MYOTONIC DYSTROPHY
576,IRRITABLE BOWEL SYNDROME
460,MEDULLOBLASTOMA
668,THROMBOSIS
1083,PHENYLKETONURIA
788,NEUROCOGNITIVE DISORDERS
1136,MIDGUT NEUROENDOCRINE TUMOUR (NET)
111,HETEROZYGOUS FAMILIAL HYPERCHOLESTEROLEMIA
658,APPENDICITIS
1164,MICROSCOPIC COLITIS
1179,DYSLIPIDEMIA
650,METASTATIC PANCREATIC DUCTAL ADENOCARCINOMA
51,COLORECTAL CARCINOMA
289,HERPES ZOSTER
1146,ECZEMA
1048,RETT SYNDROME
143,LIVER / HEPATIC DYSFUNCTION
1178,NEPHROTIC SYNDROME
831,HEPATIC IMPAIRMENT
359,GASTROPARESIS
283,PRIMARY BLADDER OBSTRUCTION
472,VASCULAR DEPRESSION
556,ECTOPIC ACTH SECRETING (EAS) TUMORS
561,MELANOMA NEGATIVE FOR NRAS
396,UV-INDUCED IMMUNOSUPRESSION
490,CARCINOID SYNDROME
296,MIXED DYSLIPIDEMIA
376,INTERMEDIATE UVEITIS
698,ADVANCED LUNG CANCER
734,NONALCOHOLIC STEATOHEPATITIS (NASH)
356,CERVICAL CANCER
871,PAROXYSMAL SUPRAVENTRICULAR TACHYCARDIA (PSVT)
400,METASTATIC COLORECTAL CANCER
394,ACUTE LYMPHOBLASTIC LEUKEMIA
815,B-CELL MALIGNANCIES
969,PRURIGO NODULARIS
1018,FAMILIAL ADENOMATOUS POLYPOSIS
399,CHRONIC SPONTANEOUS URTICARIA
939,EOSINOPHILIC ASTHMA
168,MYELOMA
423,INTERSTITIAL LUNG DISEASE
304,MRI IMAGING
983,BIRTH ASPHYXIA
437,TRAUMATIC BRAIN INJURY
857,ANTIBODY AUTOIMMUNE HEMOLYTIC ANEMIA
178,NON-MUSCLE INVASIVE BLADDER CANCER (NMIBC)
808,POSTURAL ORTHOSTATIC TACHYCARDIA SYNDROME
703,ANOREXIA
1211,INFANTILE METACHROMATIC LEUKODYSTROPHY
101,HEPARIN-INDUCED THROMBOCYTOPENIA (HIT)
1135,FACIOSCAPULOHUMERAL MUSCULAR DYSTROPHY
361,DEMENTIA
691,LYMPHOMA
207,POST-TRAUMATIC STRESS DISORDER
550,EOSINOPHILIC ESOPHAGITIS
294,CARDIAC SURGERY
916,SENSORINEURAL HEARING LOSS
812,EPITHELIAL TUMOURS
212,OSTEOARTHRITIS OF THE KNEE
971,MYCOSIS FUNGOIDES
521,NASOPHARYNGEAL CARCINOMA
201,POMPE DISEASE
957,IMMUNE RELATED TOXICITY
4,ACTIVE PSORIATIC ARTHRITIS
780,METASTATIC CEA-POSITIVE SOLID TUMORS
226,ROTAVIRUS
676,PRIMARY HUMORAL IMMUNDEFICIENCY
565,RELAPSING-REMITTING MULTIPLE SCLEROSIS
1226,IDIOPATHIC POLYPOIDAL CHORIDAL VASCULOPATHY
1227,CENTRAL SEROUS CHORIORETINOPATHY
925,INFANTILE SPASM
909,CARDIAC SARCOIDOSIS
695,POUCHITIS
997,SJOGREN'S SYNDROME
1169,ADAMANTINOMATOUS CRANIOPHARYNGIOMA
529,ACUTE VENOUS THROMBOEMBOLISM
1024,LUNG TRANSPLANT RECIPIENT
1326,AUTOIMMUNE GLOMERULAR DISEASE
696,ESOPHAGEAL CANCER
809,AUTOIMMUNE HEPATITIS
1252,MECP2 DUPLICATION SYNDROME
1193,MENTAL HEALTH CONCERNS
6,ACUTE MYELOGENOUS LEUKEMIA
678,PANCREATIC DUCTAL ADENOCARCINOMA
142,LIVER DISEASE
1165,FRIEDREICH ATAXIA
1183,"CONGENITAL HYPERINSULINISM"
349,HYPERTRIGLYCERIDEMIA
1115,LEIOMYOSARCOMA
533,WALDENSTRÖM'S MACROGLOBULINEMIA
1086,SUICIDALITY
765,PRIMARY BRAIN TUMOUR
1145,FUCHS ENDOTHELIAL CORNEAL DYSTROPHY
149,LYMPHOCYTIC LEUKEMIA
1199,CHONDROSARCOMA
56,CORONARY HEART DISEASE OR HIGH RISK OF CORONONARY HEART DISEASE
832,HEART DISEASE
1242,HYPOPHOSPHATASIA
1357,JUVENILE SPONDYLOARTHRITIS
248,THORACIC OUTLET SYNDROME
455,MIDDLE EAR EFFUSION
284,NEUROINFLAMMATION
260,PULMONARY DISORDERS
132,INTERSTITIAL CYSTITIS/BLADDER PAIN SYNDROME
129,IMMUNOSUPPRESSANTS
377,POSTERIOR UVEITIS
286,BLEB
387,DYSLIPIDEAMIA
522,CAROTID ARTERY PLAQUE
546,BACTERIAL VAGINOSIS
453,ALAGILLE SYNDROME
496,CUTANEOUS MASTOCYTOSIS WITH HANDICAP
602,HEPATIC INSUFFICIENCY
532,HEPATIC-ONLY METASTASES OF  COLORECTAL CANCER
247,TESTOSTERONE DEFICIENCY
583,SEPTIC SHOCK
589,BURN
577,HEPATITIS C VIRUS GENOTYPE 4
503,CARPAL TUNNEL SYNDROME
540,SARCOMERIC HYPERTROPHIC CARDIOMYOPATHY
463,GLUCOSE TRANSPORTER 1 DEFICIENCY SYNDROME
459,METASTATIC SALIVARY GLAND NEOPLASM
462,PANCREATITIS
653,POSTERIOR INSTRUMENTED LUMBAR SPINAL FUSION
624,FRONTOTEMPORAL LOBAR DEGENERATION
610,HEREDITARY INCLUSION BODY MYOPATHY (HIBM)
657,FAMILIAL AMYLOIDOTIC CARDIOMYOPATHY
439,GASTROINTESTINAL DISORDERS
626,CHRONIC LOW BACK PAIN
712,BONE METASTASES
740,COLORECTAL ADENOCARCINOMA
732,MOLYBDENUM COFACTOR DEFICIENCY TYPE A
713,GLIOSARCOMA
725,STEATOHEPATITIS NON-ALCOHOLIC
106,HEPATITIS C VIRUS GENOTYPE 1A OR 1B
768,PROGRESSIVE SUPRANUCLEAR PALSY
767,GESTATIONAL DIABETES MELLITUS
798,GLUCOCORTICOID-INDUCED OSTEOPOROSIS
845,DYSPHAGIA
854,IRON DEFICIENCY
608,HYPOSPADIAS
1201,KIDNEY GRAFT FIBROSIS
869,BACTERIAL PNEUMONIA
819,COLD AGGLUTININ DISEASE
897,UNRESECTABLE  HEPATOCELLULAR CARCINOMA
902,RADIAL ARTERY OCCLUSION
859,VAGINECTOMY
888,MULTIPLE OSTEOCHONDROMAS
1308,PRIMARY HYPERPARATHYROIDISM
1349,PLANTAR FASCIITIS
1195,TURNER SYNDROME
1281,EPISTAXIS
1228,TUMOR
1298,UPPER AIRWAY COUGH SYNDROME
1111,ANDROGENIC ALOPECIA
1313,CRYOPYRIN-ASSOCIATED PERIODIC SYNDROME
1270,SPINOCEREBELLAR ATAXIA TYPE 2
1204,STREPTOCOCCAL INFECTION
1306,WELL-BEING
1044,ADVANCED TUMORS
973,EGFR POSITIVE CANCERS
919,NEONATAL STROKE
1039,ENDOGENOUS CUSHING SYNDROME
1260,CEPHALOSPORIN-RESISTANT ENTEROBACTERIACEAE INFECTION
1038,COW'S MILK ALLERGY
1094,FIBROMYALGIA
1092,KNEE INJURY
1216,CANAVAN DISEASE
1220,METHYLMALONYL-COA MUTASE DEFICIENCY
1110,VULVAR CANCER
920,HEMOLYTIC DISEASE
722,RENAL CELL CARCINOMA
421,HEART FAILURE
329,ANEMIA
895,PYRUVATE KINASE DEFICIENCY
292,HEMATOLOGICAL MALIGNANCIES
911,RIB FRACTURES
29,BREAST CANCER HER2-POSITIVE
214,PROSTATE CANCER
47,CHRONIC OBSTRUCTIVE PULMONARY DISEASE (COPD)
279,ATOPIC DERMATITIS
70,DUCHENNE MUSCULAR DYSTROPHY
100,HEMOPHILIA B
157,MIGRAINE
163,MYASTHENIA GRAVIS
569,HYSTERECTOMY ASSOCIATED PAIN
760,URINARY TRACT CARCINOMA
275,HEPATITIS C VIRUS
127,IDIOPATHIC PULMONARY FIBROSIS (IPF)
483,PULMONARY HYPERTENSION
689,CHRONIC PLAQUE PSORIASIS
95,HEAD AND NECK CANCER
469,BONE FRACTURES
813,CARCINOMA
110,HEPATOCELLULAR CARCINOMA
904,IGA NEPHROPATHY
301,INFERTILITY
152,MAJOR DEPRESSIVE DISORDER
246,SYSTEMIC SCLEROSIS
99,HEMOPHILIA A
790,LATENT TUBERCULOSIS (TB) INFECTION
1014,ADVERSE VASCULAR EVENTS
285,COGNITIVE IMPAIRMENT
967,MUSCLE-INVASIVE BLADDER CANCER
429,ANXIETY DISORDER
26,BRAF MUTATION-POSITIVE TUMORS
816,HYPOPARATHYROIDISM
988,DIABETIC KIDNEY DISEASE
38,CELIAC DISEASE
998,MESOTHELIN-EXPRESSING CANCER
774,MUSCULAR DYSTROPHY
699,SPINAL CORD INJURY
120,HUNTINGTON DISEASE
314,METASTATIC MALIGNANCY
843,CHRONIC SPONTANEOUS URTICARIA (CSU)
466,KNEE ARTHROPLASTY
979,GIANT CELL TUMOR OF BONE
281,THROMBOLYSIS
991,NAUSEA
1212,TETANUS
785,ORNITHINE TRANSCARBAMYLASE DEFICIENCY
931,EPSTEIN-BARR VIRUS - ASSOCIATED POST TRANSPLANT LYMPHOPROLIFERATIVE DISEASE
525,SHOULDER SURGERY
1043,GASTRO-OESOPHAGEAL CANCER
966,CONGENITAL ACHROMATOPSIA
970,LATERAL CANTHAL LINES
962,MALIGNANT PLEURAL EFFUSION
830,PRIMARY BILIARY CHOLANGITIS (PBC)
305,DELIRIUM
486,OROPHARYNX CANCER
908,ORAL MUCOSITIS
427,DERMATOMYOSITIS
508,HYPERTROPHIC CARDIOMYOPATHY
892,SMALL LYMPHOCYTIC LYMPHOMA
1253,FOCAL CEREBRAL ARTERIOPATHY
1261,GYNECOLOGICAL CANCER
165,MYELOID LEUKEMIA
1019,TREATMENT RESISTANT DEPRESSION
474,MALIGNANCIES
1251,ENDOCARDITIS
424,MANTLE CELL LYMPHOMA
1154,IDIOPATHIC HYPERSOMNIA
716,THORACIC SURGERY
646,INFLAMMATORY BOWEL DISEASE
385,NEURODEGENERATIVE DISEASES
1172,"LOWER LEG ANTEROLATERAL CHRONIC EXERTIONAL COMPARTMENT SYNDROME"
1285,METABOLIC DYSFUNCTION-ASSOCIATED STEATOHEPATITIS
1069,22Q11 DELETION SYNDROME
1138,AUTOIMMUNE ENCEPHALITIS
1141,CHRONIC DIABETIC PERIPHERAL NEUROPATHIC PAIN
119,HUMAN PAPILLOMA VIRUS (HPV)
1156,PLANTAR WARTS
1143,PRION DISEASE
489,UVEAL MELANOMA
840,RENAL IMPAIRMENT
46,CHRONIC MYELOID LEUKEMIA
348,HYPERLIPIDEMIA
272,ANGINA PECTORIS
389,SUBARACHNOID HEMORRHAGE
220,RENAL FAILURE
555,PITUIARY TUMOR
560,MELANOMA NEGATIVE FOR BRAF
327,ANAPLASTIC LARGE-CELL LYMPHOMA
448,RAGWEED ALLERGY
295,PRIMARY HYPERLIPIDEMIA
13,ALLERGIES RESPITATORY
107,HEPATITIS C VIRUS GENOTYPE 2 OR 3
413,VASOVAGAL SYNCOPE
493,CHYLOMICRONEMIA
313,BEHAVIORAL VARIANT FRONTOTEMPORAL DEMENTIA (BVFTD)
632,IMMUNIZATION
536,INFRAINGUINAL PERCUTANEOUS TRANSLUMINAL ANGIOPLASTY
629,THYROID SCAN INDICATION
582,EBOLA VIRUS INFECTION
509,ANAPLASTIC LYMPHOMA KINASE-POSITIVE ADVANCED NON-SMALL CELL LUNG CANCER
638,ANAPLASTIC ASTROCYTOMA
644,POST-CONCUSSION SYNDROME
267,VITAMIN DEFICIENCY
156,MENINGITIS B
585,PEMPHIGUS VULGARIS
145,LOW BONE MINERAL DENSITY
551,PREVENTION OF ACUTE RENAL INJURY
667,ALPHA1-PROTEINASE INHIBITOR DEFICIENT
666,ADENOCARCINOMA OF THE STOMACH
332,RHABDOMYOSARCOMA
755,HEPATORENAL SYNDROME TYPE 1
717,GLYCEMIA
594,ULCERS
797,PRIMARY IMMUNE DEFICIENCY
24,BASAL CELL CARCINOMA
773,CENTRAL NERVOUS SYSTEM MALIGNANCY
846,OPTIC NEURITIS
607,HIP FRACTURE
672,PIGMENTED VILLONODULAR SYNOVITIS OR GIANT CELL TUMOR OF THE TENDON SHEATH
882,METHICILLIN-RESISTANT STAPHYLOCOCCUS AUREUS (MRSA)
822,HPV-ASSOCIATED CANCER
1073,CONGENITAL MYOTONIC DYSTROPHY
1243,CANNABIS WITHDRAWAL
1322,GASTROENTEROPANCREATIC NEUROENDOCRINE TUMORS (GEP-NET)
1076,MITOCHONDRIAL DISORDERS
1304,CALCIPHYLAXIS
1314,METABOLIC DYSFUNCTION-ASSOCIATED STEATOTIC LIVER DISEASE (MASLD)
1336,ALLOGENEIC STEM CELL TRANSPLANT
1338,RELAPSED / REFRACTORY AUTOIMMUNE NERUOLOGIC DISEASES
1021,CANCER SURVIVORS
1033,NODAL SOLID TUMORS
1055,WHIM SYNDROME
1262,HEMATURIA
1056,EPITHELIOID SARCOMA
114,HIP PAIN
1049,MYOTUBULAR MYOPATHY
891,MITOCHONDRIAL MYOPATHY
1132,NEUROTROPHIC KERATITIS
1221,DENGUE
1196,NOONAN SYNDROME
167,MULTIPLE MYELOMA
218,PULMONARY ARTERIAL HYPERTENSION (PAH)
10,ADVANCED CANCERS
150,DIFFUSE LARGE B-CELL LYMPHOMA
186,PAIN
326,CHRONIC THROMBOEMBOLIC PULMONARY HYPERTENSION (CTEPH)
255,TRANSPLANTATION
370,GRAFT VS HOST DISEASE
584,ANTIPHOSPHOLIPID SYNDROME
21,ATYPICAL HEMOLYTIC UREMIC SYNDROME (AHUS)
14,ALZHEIMER'S DISEASE
506,RELAPSED OR REFRACTORY ACUTE MYELOID  LEUKEMIA (AML)
458,BILIARY CANCER
185,OVERACTIVE BLADDER
513,POST-ESSENTIAL THROMBOCYTHEMIA MYELOFIBROSIS
217,PSORIATIC ARTHRITIS
501,BIPOLAR DISORDER
317,MYELODYSPLASTIC SYNDROME
625,BLADDER CANCER
471,GASTROINTESTINAL CANCER
1005,CHRONIC INFLAMMATORY DISEASES
505,LOCALLY ADVANCED/METASTATIC NON SMALL CELL LUNG CANCER
572,HEREDITARY HAEMORRHAGIC TELANGIECTASIA
42,CHRONIC COUGH
985,WILSON'S DISEASE
432,DIABETIC GASTROPARESIS
1015,CERVICAL SPINAL CORD INJURY
542,TRANSTHYRETIN AMYLOID CARDIOMYOPATHY
148,LYMPHOBLASTIC LEUKEMIA
124,HYPERTENSION
350,DIFFUSE INTRINSIC PONTINE GLIOMAS
324,NEUROMYELITIS OPTICA SPECTRUM DISORDER
321,SPINAL MUSCULAR ATROPHY
1084,FUNGAL DISEASE
887,BRONCHIOLITIS
776,PALMOPLANTAR PUSTULOSIS
855,OBESITY
595,PYODERMA GANGRENOSUM
269,VULVOVAGINAL CANDIDIASIS
96,HEMODIALYSIS
655,IMMUNOGLOBULIN A NEPHROPATHY
492,BASAL CELL NEVUS SYNDROME
947,DYSKINESIA
187,PANCREATIC CANCER
379,FOREHEAD LINES
894,CANCER PAIN
926,PEROXISOMAL DISORDERS
45,CHRONIC IRON OVERLOAD REQUIRING CHELATION THERAPY
563,CRITICAL LIMB ISCHEMIA
961,CARDIOPULMONARY DYSFUNCTIONS
949,INCREASING IN VITRO FERTILISATION (IVF) SUCCESS
548,CHRONIC SCROTAL PAIN
952,PATENT DUCTUS ARTERIOSUS (PDA)
37,CARDIOVASCULAR DISEASE
204,POSTPARTUM DEPRESSION
25,BIPOLAR DEPRESSION
1315,DEMORALIZATION SYNDROME
1077,GIANT CELL TUMORS
1245,FATIGUE
193,PERIPHERAL T CELL LYMPHOMA
334,SARCOMA
1050,ANGELMAN SYNDROME (AS)
1175,INFLAMMATORY ARTHRITIS
1065,PRIMARY SJOGREN'S SYNDROME (PSJS)
643,X-LINKED HYPOPHOSPHATEMIA
190,PAPULOPUSTULAR ROSACEA
1255,SEPTOPLASTY
1139,ADVANCED PRAME-POSITIVE CANCERS
731,ACUTE RENAL INJURY
1151,GLOMERULONEPHRITIS
59,CUTANEOUS MELANOMA
1103,METHAMPHETAMINE USE DISORDER
1035,COMMUNITY-ACQUIRED PNEUMONIA
834,CARDIOMYOPATHY
1134,UPPER GASTROINTESTINAL TRACT MALIGNANCIES
1106,PROLIFERATIVE VITREORETINOPATHY (PVR)
139,LANGERHANS CELL HISTIOCYTOSIS
231,SEVERE CHRONIC HAND DERMATITIS
1248,POLYCYSTIC OVARY SYNDROME
270,LAMBERT-EATON MYASTHENIC SYNDROME (LEMS)
141,LIMB SPASTICITY
419,AORTIC ANEURYSM
341,WEIGHT GAIN
328,INFLAMMATORY MYOFIBROBLASTIC TUMOR
105,HEPATITIS C VIRUS GENOTYPE 1 OR 4
72,PULMONARY EMPHYSEMA
374,ASSISTED REPRODUCTIVE TECHNOLOGY PROGRAMME
366,METASTATIC ENDOMETRIAL CANCER
65,DIABETIC NEPHROPATHY
464,MYOCARDIAL FIBROSIS
526,SYMPTOMATIC LEG SUPERFICIAL VEIN THROMBOSIS
604,TARDIVE DYSKINESIA
630,CHOLERA
662,ARTICULAR CARTILAGE INJURY
567,CYSTIC LESIONS
160,MUCOPOLYSACCHARIDOSIS IVA (MORQUIO  SYNDROME)
562,NEUROSURGICAL CRANIAL PROCEDURES
461,SCALP AND BODY PSORIASIS
200,ESSENTIAL THROMBOCYTHEMIA
130,IMPLANTABLE CARDIOVERTER DEFIBRILLATOR
381,FACIAL AGING
488,GASTROSCHISIS
637,ISCHEMIC LEFT VENTRICULAR DYSFUNCTION
704,PANCREATIC INSUFFICIENCY EXOCRINE
613,GENDER AFFIRMING THERAPY
55,CORONARY ARTERY BYPASS GRAFT
647,ACTIVE RADIOGRAPHIC AXIAL SPONDYLOARTHRITIS
3,ACTIVE ANKYLOSING SPONDYLITIS
685,NEURODEGENERATIVE DEMENTIAS
684,CAROTID ATHEROSCLEROTIC PLAQUE
739,INHERITED RETINAL DISEASE (IRD)
757,CENTRAL NERVOUS SYSTEM LYMPHOMA
756,TESTICULAR LYMPHOMA
720,BLASTIC PLASMACYTOID DENDRITIC CELL NEOPLASM
745,ALPORT SYNDROME
694,ANGIOIMMUNOBLASTIC T-CELL LYMPHOMA
675,FAMILIAL PRIMARY HYPOALPHALIPOPROTEINEMIA
766,CONGENITAL HYPERINSULINEMIA
848,CHRONIC MYELOGENOUS LEUKEMIA (CML)
901,PENILE CANCER
835,AGGRESSION
870,IDIOPATHIC INFANTILE HYPERCALCEMIA
862,NECROTIZING ENTEROCOLITIS
795,PARATHYROID ADENOMA
900,CATECHOLAMINERGIC POLYMORPHIC VENTRICULAR TACHYCARDIA (CPVT)
1279,HYPOCHONDROPLASIA
1344,PRIMARY ALDOSTERONISM
1345,VASCULAR MALFORMATION
1324,HEALTHY FEMALES
1269,ANTI-NEUTROPHIL CYTOPLASMIC AUTOANTIBODY (ANCA)-ASSOCIATED VASCULITIS
1067,PERIPHERAL ARTERY DISEASE
1302,GEOGRAPHIC ATROPHY
1316,ALLERGIC CONTACT DERMATITIS
1325,TUBERCULOSIS
1099,CHOLESTATIC PRURITUS
1291,STILL'S DISEASE
1312,ANGIOEDEMA
1333,CARDIOPULMONARY BYPASS
1330,TAUOPATHY
1299,EMBRYONAL CENTRAL NERVOUS SYSTEM TUMOURS
1032,COMPLEX PERIANAL FISTULA
1037,B CELL MALIGNANCY
1016,LUNG CANCER SURGERY
898,OPTIC NEUROPATHY
944,MYELOID MALIGNANCIES
1117,NONTUBERCULOUS MYCOBACTERIAL (NTM) LUNG INFECTION
1264,OPIOID WITHDRAWAL SYNDROME
1096,TAY-SACHS DISEASE
1078,IMPETIGO
996,ARTHIRITS
1235,THROMBOTIC MICROANGIOPATHY
1231,AUTOIMMUNE PULMONARY ALVEOLAR PROTEINOSIS
1153,SUBDURAL HEMATOMA
1277,AUTOSOMAL DOMINANT HYPOCALCEMIA TYPE 1
1093,VASOSPASTIC ANGINA
1224,MYELIN OLIGODENDROCYTE GLYCOPROTEIN-ANTIBODY-ASSOCIATED DISEASE
1079,CHRONIC HEADACHES
634,HYPEREOSINOPHILIC SYNDROME
147,LUNG INJURY
33,CLOSTRIDIUM DIFFICILE INFECTION
50,COLORECTAL CANCER
923,MOOD & METABOLIC DISORDERS
393,UROTHELIAL CANCER
928,ALCOHOL WITHDRAWAL SYNDROME
94,GROWTH HORMONE DEFICIENCY
28,BREAST CANCER
251,TOURETTE'S DISORDER
473,LUPUS ERYTHEMATOSUS
791,ELEVATED LEVELS OF LIPOPROTEIN
169,MYOCARDIAL INFARCTION
665,ADVANCED MALIGNANCIES
215,PROSTATE CANCER METASTATIC CASTRATION RESISTANT
335,BRONCHOPULMONARY DYSPLASIA
793,ACUTE PULMONARY EMBOLISM
237,SOFT TISSUE SARCOMA
386,RELAPSED OR REFRACTORY MULTIPLE MYELOMA
261,UPPER RESPIRATORY TRACT INFECTION
280,RESPIRATORY SYNCYTIAL VIRUS
825,DRAVET SYNDROME
1047,THERMAL INJURY
842,GLIOMA
514,POST-POLYCYTHEMIA VERA MYELOFIBROSIS
627,BREAST CANCER METASTATIC TRIPLE NEGATIVE
66,DIABETIC NEUROPATHIC PAIN
229,SEIZURES
291,SOMATOSTATIN RECEPTOR POSITIVE TUMOURS
481,HODGKIN LYMPHOMA
172,NEUROBLASTOMA
568,MACULAR DEGENERATION
310,SLEEP APNEA
166,MYELOMONOCYTIC LEUKEMIA
1001,ADVANCED MALIGNANT TUMORS
601,PRIMARY SCLEROSING CHOLANGITIS
1,ACNE
879,ACUTE ISCHEMIC STROKE
441,LIVER METASTASES
984,BRAIN INJURY
135,ISLET TRANSPLANTATION
468,CONSTIPATION
1006,UVEITIS
986,CYSTINOSIS
58,CUSHING'S DISEASE
579,POLYANGITIS
249,THROMBOCYTHEMIA MYELOFIBROSIS
158,CHRONIC MIGRAINE
1009,DIABETIC FOOT ULCERS
964,IDIOPATHIC INFLAMMATORY MYOPATHY
914,LUNG DISORDERS
8,ADENOID CYSTIC CARCINOMA (ACC)
444,VASCULAR INFLAMMATION
899,ORAL LICHEN PLANUS (OLP)
906,CUTANEOUS T-CELL LYMPHOMA (CTCL)
875,SMALL BOWEL OBSTRUCTION
64,DIABETIC MACULAR EDEMA
682,GENITAL PSORIASIS
792,PRURITIS
405,URINARY INCONTINENCE
958,HER2-LOW UNRESECTABLE AND/OR METASTISTIC BREAST CANCER
972,HEMOPHAGOCYTIC LYMPHO HISTIOCYTOSIS
1237,HEART TRANSLPANTATION
181,OSTEOPOROSIS
880,CESAREAN DELIVERY
721,MERKEL CELL CARCINOMA
1142,WET AGE-RELATED MACULAR DEGENERATION
531,CLOSTRIDIUM DIFFICILE-ASSOCIATED DIARRHOEA (CDAD)
428,SUBSTANCE ABUSE
507,RELAPSED OR REFRACTORY SOLID TUMORS
180,NON-SMALL CELL LUNG CANCER - CACHEXIA (NSCLC-C)
1206,LYME DISEASE
1140,PRIMARY MEMBRANOUS NEPHROPATHY
943,POST-MENOPAUSAL VASOMOTOR SYMPTOMS
197,PLATINUM-RESISTANT OVARIAN CANCER
1187,ECTONUCLEOTIDE PYROPHOSPHATASE/PHOSPHODIESTERASE 1 (ENPP1) DEFICIENCY
1085,ACUTE RESPIRATORY DISTRESS SYNDROME (ARDS)
974,NON-SQUAMOUS/SQUAMOUS NSCLC
664,SJÖGREN'S SYNDROME
1107,CONTRACEPTION
1042,IGG4 RELATED DISEASE
1137,REFRACTORY TRIGEMINAL NEURALGIA
599,VENTRICULAR ARRHYTHMIA
1070,IMMUNE-RELATED COLITIS
198,PLEURAL MESOTHELIOMA
850,CONGENITAL MYASTHENIC SYNDROMES (CMS)
671,RECTAL CANCER
1097,POST-COVID FATIGUE SYNDROME
1192,ABDOMINAL SUBCUTANEOUS FAT
1102,MONKEYPOX
126,IDIOPATHIC MEMBRANOUS NEPHROPATHY (IMN)
753,INTRAHEPATIC CHOLANGIOCARCINOMA
416,ATRIAL FLUTTER
11,ALLERGIES ENVIRONMENTAL
554,ACROMEGALY
557,DUMPING SYNDROME
331,OVARIAN CARCINOMA
209,PRIMARY BILIARY CIRRHOSIS
372,ISCHEMIC DILATED CARDIOMYOPATHY
445,ATHEROSCLEROTIC VASCULAR DISEASE
442,PNEUMONIA
325,CHOROIDAL NEOVASCULARIZATION
406,ACCORDION WRINKLES
391,ACE INHIBITOR INDUCED ANGIOEDEMA
312,PSYCHOTIC DISORDER
539,HEREDITARY PERIODIC FEVERS
82,FAMILIAL CHYLOMICRONEMIA SYNDROME
498,IDIOPATHIC THROMBOCYTOPENIC PURPURA (IPT)
478,PROSTATE HYPERPLASIA
203,POSTMENOPAUSAL
485,POST-PROSTATECTOMY
307,EYE SURGERY
470,ABUSE POTENTIAL
155,MENIERE'S DISEASE
639,POSTEROLATERAL LUMBAR SPINAL FUSION
358,ISCHEMIC EVENTS
297,PALMOPLATER PSORIASIS
729,PULMONARY VEIN STENOSIS
669,KIDNEY CANCER
730,EUVOLEMIC OR HYPERVOLEMIC HYPONATREMIA
670,MANAGEMENT OF THE MASSETER
687,LIPOPROTEIN LIPASE DEFICIENCY
751,THROMBOPHYLAXIS
726,ACUTE HERPETIC GINGIVOSTOMATITS
762,SIALORRHEA
852,BACTERIAL CONJUNCTIVITIS
786,CARTICOBASAL DEGENERATION
202,POST-HERPETIC NEURALGIA (PHN)
777,TEMPOROMANDIBULAR DISORDER
779,OCULAR INFLAMMATION
874,PULMONARY EMBOLISM
807,UPSHAW-SCHULMAN SYNDROME
841,DILATED CARDIOMYOPATHY
811,IL-18 DRIVEN MONOGENIC AUTOINFLAMMATORY CONDITIONS
1239,METASTATIC B7-H3 EXPRESSING NEOPLASM
182,OTITIS EXTERNA
1267,PREGNANCY
1284,ERYTHROCYTE MEMBRANOPATHIES
1266,ACUTE KIDNEY INJURY
1287,SLEEP DISTURBANCES
1342,ELEVATED TRIGLYCERIDES
1343,REMNANT CHOLESTEROL
1319,LARGE B-CELL LYMPHOMA
1275,MAST CELL ACTIVATION SYNDROME
1311,MECONIUM ASPIRATION SYNDROME
138,LABOUR
1075,OTOTOXICITY
1053,ANEURYSM
1022,CAM TYPE FEMOROACETABULAR IMPINGEMENT
1061,ARTHRALGIAS
1109,END OF LIFE DISTRESS
1133,EOSINOPHILIC GASTRITIS
1182,BULLOUS PEMPHIGOID
1119,FAILED ENDOMETRIAL ABLATION
1125,LARYNGEAL EDEMA
