Manufacturer,Drug Count,Rank
NOVARTIS PHARMACEUTICALS CANADA INC,332,1
MERCK CANADA INC,289,2
HOFFMANN-LA ROCHE LIMITED,269,3
BRISTOL-MYERS SQUIBB CANADA,237,4
ABBVIE CORPORATION,215,5
ASTRAZENECA CANADA INC,212,6
GLAXOSMITHKLINE INC,204,7
ELI LILLY CANADA INC,169,8
UNIVERSITY HEALTH NETWORK,165,9
JANSSEN INC,153,10
AMGEN CANADA INC,143,11
SANOFI-AVENTIS CANADA INC,133,12
PFIZER CANADA ULC,132,13
BOEHRINGER INGELHEIM (CANADA) LTD LTEE,128,14
GILEAD SCIENCES CANADA INC,118,15
NOVO NORDISK CANADA INC,99,16
"CANADIAN CANCER TRIALS GROUP, CANCER RESEARCH INSTITUTE, QUEEN'S UNIVERSITY",97,17
ASTRAZENECA AB,96,18
GOVERNORS OF THE UNIVERSITY OF ALBERTA,92,19
BAYER INC,91,20
SUNNYBROOK RESEARCH INSTITUTE,88,21
CHILDRENS ONCOLOGY GROUP,80,22
PRINCESS MARGARET CANCER CENTRE,76,23
INCYTE CORPORATION,74,24
PFIZER CANADA INC,71,25
REGENERON PHARMACEUTICALS INC,71,26
TAKEDA DEVELOPMENT CENTER AMERICAS INC,70,27
CENTRE FOR ADDICTION AND MENTAL HEALTH,66,28
OTTAWA HOSPITAL RESEARCH INSTITUTE,60,29
HAMILTON HEALTH SCIENCES CORPORATION,59,30
JANSSEN RESEARCH AND DEVELOPMENT LLC,53,31
THE HOSPITAL FOR SICK CHILDREN,52,32
GENENTECH INC,51,33
MCMASTER UNIVERSITY,46,34
UCB INC,45,35
ALEXION PHARMACEUTICALS INC,45,36
VERTEX PHARMACEUTICALS INC,44,37
RESEARCH INSTITUTE OF THE MCGILL UNIVERSITY HEALTH CENTRE,44,38
CELGENE INC,41,39
IONIS PHARMACEUTICALS INC,38,40
UNIVERSITY OF CALGARY,38,41
ASTELLAS PHARMA GLOBAL DEVELOPMENT INC,36,42
NRG ONCOLOGY,32,43
TEVA BRANDED PHARMACEUTICAL PRODUCTS R&D INC,32,44
ST MICHAELS HOSPITAL,32,45
BIOGEN MA INCORPORATED,30,46
EISAI INC,28,47
GOVERNORS OF THE UNIVERSITY OF CALGARY,28,48
ALLERGAN INC,28,49
SANOFI AVENTIS RECHERCHE & DEVELOPPEMENT,28,50
ARGENX BV,27,51
DAIICHI SANKYO INC,27,52
BRISTOL-MYERS SQUIBB CANADA CO.,27,53
UNIVERSITY OF MANITOBA,27,54
JEWISH GENERAL HOSPITAL,26,55
SEAGEN INC.,25,56
HOSPITAL FOR SICK CHILDREN,24,57
CENTRE HOSPITALIER DE L'UNIVERSITÉ DE MONTRÉAL,24,58
LONDON HEALTH SCIENCES CENTRE,24,59
PET CENTRE CENTRE FOR ADDICTION AND MENTAL HEALTH,22,60
ALNYLAM PHARMACEUTICALS INC,21,61
"BC CANCER, PART OF THE PROVINCIAL HEALTH SERVICES AUTHORITY",21,62
MILLENNIUM PHARMACEUTICALS INC,20,63
ALBERTA HEALTH SERVICES,20,64
VERTEX PHARMACEUTICALS (CANADA) INCORPORATED,19,65
OTTAWA HEART INSTITUTE RESEARCH CORPORATION,19,66
"EMD SERONO RESEARCH & DEVELOPMENT INSTITUTE, INC",19,67
ST. JOSEPH'S HEALTHCARE HAMILTON,19,68
CHU DE QUÉBEC-UNIVERSITÉ LAVAL,19,69
CSL BEHRING,19,70
"MODERNATX, INC.",18,71
ULTRAGENYX PHARMACEUTICAL INC,18,72
PTC THERAPEUTICS INC,18,73
MEDIMMUNE LLC,18,74
UNIVERSITY OF SASKATCHEWAN,18,75
MCGILL UNIVERSITY HEALTH CENTRE,18,76
CENTRE HOSPITALIER UNIVERSITAIRE SAINTE-JUSTINE,17,77
VIIV HEALTHCARE UK LIMITED,17,78
UNIVERSITY OF BRITISH COLUMBIA,17,79
MOUNT SINAI HOSPITAL,16,80
CROSS CANCER INSTITUTE - CANCER CARE ALBERTA,16,81
"ARROWHEAD PHARMACEUTICALS, INC.",16,82
"ARCUTIS BIOTHERAPEUTICS, INC",15,83
OTSUKA PHARMACEUTICAL DEVELOPMENT & COMMERCIALIZATION INC,15,84
INSIGHTEC,15,85
SUMITOMO DAINIPPON PHARMA ONCOLOGY INC,15,86
"CYTOKINETICS, INCORPORATED",15,87
LEO PHARMA AS,15,88
SERVIER CANADA INC,15,89
AMGEN INC,14,90
C17,14,91
"KARYOPHARM THERAPEUTICS, INC.",14,92
THE GOVERNORS OF THE UNIVERSITY OF ALBERTA,14,93
SHIRE HUMAN GENETIC THERAPIES INC,14,94
BEONE MEDICINES LTD.,14,95
MONTREAL HEART INSTITUTE,14,96
LAWSON HEALTH RESEARCH INSTITUTE,13,97
AB SCIENCE S.A.,13,98
TAIHO ONCOLOGY INC.,13,99
DERMIRA INCORPORATED,12,100
MEDICAGO INC,12,101
CIUSSS DE L'ESTRIE - CENTRE HOSPITALIER UNIVERSITAIRE DE SHERBROOKE,12,102
ARRAY BIOPHARMA INC,11,103
AGIOS PHARMACEUTICALS INC,11,104
PRINCESS MARGARET HOSPITAL PHASE 2 CONSORTIUM,11,105
MERCK KGAA,11,106
LEO PHARMA INC,11,107
FERRING INC,11,108
CLOVIS ONCOLOGY INC,10,109
TORONTO GENERAL HOSPITAL,10,110
WAVE LIFE SCIENCES UK LTD,10,111
MERCK SHARP & DOHME CORP,10,112
BIOCRYST PHARMACEUTICALS INC,10,113
ROBARTS RESEARCH INSTITUTE,10,114
HOPITAL MAISONNEUVE ROSEMONT,10,115
MCGILL UNIVERSITY,10,116
KITEPHARMA INC,10,117
LEXICON PHARMACEUTICALS INC,10,118
JAZZ PHARMACEUTICALS INC,10,119
H. LUNDBECK A/S,10,120
"RHYTHM PHARMACEUTICALS, INC",9,121
NEUROCRINE BIOSCIENCES INC,9,122
JAZZ PHARMACEUTICALS IRELAND LIMITED,9,123
CIRCASSIA LTD,9,124
C17 COUNCIL,9,125
IDORSIA PHARMACEUTICALS LTD,9,126
IMMUNOVANT SCIENCES GMBH,9,127
DBV TECHNOLOGIES SA,9,128
NCIC CLINICAL TRIALS GROUP QUEENS UNIVERSITY,9,129
DOUGLAS MENTAL HEALTH UNIVERSITY INSTITUTE,9,130
QUEENS UNIVERSITY,9,131
LUMENA PHARMACEUTICALS INC,8,132
MEDIMMUNE LIMITED,8,133
VIIV HEALTHCARE ULC,8,134
"APELLIS PHARMACEUTICALS, INC",8,135
ACCELERON PHARMA INC,8,136
GALDERMA CANADA INC,8,137
MACROGENICS INC,8,138
BLUEPRINT MEDICINES CORPORATION,8,139
UNITED THERAPEUTICS CORPORATION,8,140
"SAREPTA THERAPEUTICS, INC",8,141
EXELIXIS INC,8,142
BRITISH COLUMBIA CHILDRENS HOSPITAL,8,143
"QED THERAPEUTICS, INC.",8,144
SANOTIZE RESEARCH & DEVELOPMENT CORP,8,145
ABBVIE INC,8,146
ASTEX PHARMACEUTICALS INC.,8,147
ARENA PHARMACEUTICALS INC,8,148
BOEHRINGER INGELHEIM INTERNATIONAL GMBH,8,149
"JAEB CENTER FOR HEALTH RESEARCH FOUNDATION, INC",8,150
PRINCESS MARGARET HOSPITAL PHASE I CONSORTIUM,8,151
NS PHARMA INC,8,152
ACTELION PHARMACEUTICALS CANADA INC,8,153
ONTARIO CLINICAL ONCOLOGY GROUP,7,154
CHILDRENS HOSPITAL OF EASTERN ONTARIO,7,155
LOXO ONCOLOGY INC,7,156
ZEALAND PHARMA A/S,7,157
IMMUNOCORE LTD.,7,158
SPECTRUM PHARMACEUTICALS INC,7,159
ADAPTIMMUNE LLC,7,160
"MIRUM PHARMACEUTICALS, INC",7,161
ALDEYRA THERAPEUTICS INC,7,162
"REVANCE THERAPEUTICS, INC.",7,163
BAXALTA US INC,7,164
TESARO INC,7,165
DERMAVANT SCIENCES GMBH,7,166
ANAPTYSBIO INC,7,167
HORIZON THERAPEUTICS IRELAND DAC,7,168
NUBIYOTA,7,169
MILESTONE PHARMACEUTICALS INC,7,170
DECIPHERA PHARMACEUTICALS. LLC,7,171
ST JOSEPHS HEALTHCARE,7,172
SPARK THERAPEUTICS INC,7,173
PHARVARIS NETHERLANDS B.V.,7,174
CRISPR THERAPEUTICS INC,7,175
IMMUNOGEN INC,7,176
"ESPERION THERAPEUTICS, INC",7,177
ENDOCEUTICS INC,7,178
GENZYME CORPORATION,7,179
ALKERMES INC,7,180
XENON PHARMACEUTICALS INC,7,181
UNITY HEALTH TORONTO,7,182
BAXALTA INNOVATIONS GMBH,6,183
"EPIZYME, INC.",6,184
LUNDBECK CANADA INC,6,185
ACERTA PHARMA BV,6,186
"AXSOME THERAPEUTICS, INC.",6,187
CSL BEHRING GMBH,6,188
IMMUNOVACCINE TECHNOLOGIES,6,189
MULTIDISIPLINARY ASSOCIATION FOR PSYCHEDELIC STUDIES,6,190
MOONLAKE IMMUNOTHERAPEUTICS AG,6,191
METSERA INC,6,192
APOPHARMA INC,6,193
"GALDERMA RESEARCH & DEVELOPMENT, LLC",6,194
ASSEMBLY BIOSCIENCES INCORPORATED,6,195
TAURX THERAPEUTICS LTD,6,196
GRIFOLS THERAPEUTICS INC,6,197
CHIMERIX INC,6,198
INTERCEPT PHARMACEUTICALS INC,6,199
"ARCUS BIOSCIENCES, INC.",6,200
"GENMAB US, INC",6,201
BIOMARIN PHARMACEUTICAL INC,6,202
"EIDOS THERAPEUTICS, INC.",6,203
DR NAVEEN POONAI,6,204
"SAGE THERAPEUTICS, INC",6,205
PHARMACYCLICS LLC,6,206
CYMABAY THERAPEUTICS INC,6,207
ST PAULS HOSPITAL VANCOUVER,6,208
BIONTECH SE,6,209
AVIDITY BIOSCIENCES,6,210
REBIOTIX INC,6,211
INSMED INC,6,212
KARTOS THERAPEUTICS INC,6,213
NEKTAR THERAPEUTICS,6,214
ABIVAX SA,6,215
THERAVANCE BIOPHARMA IRELAND LIMITED,6,216
ST JOSEPHS HEALTH CENTRE LONDON,6,217
KINGSTON HEALTH SCIENCE CENTRE,5,218
FORMA THERAPEUTICS INC,5,219
NATIONAL SURGICAL ADJUVANT BREAST AND BOWEL PROJECT FOUNDATION INC,5,220
"KOWA RESEARCH INSTITUTE, INC",5,221
SYMPHOGEN A/S,5,222
OCTAPHARMA PHARMAZEUTIKA PRODUKTIONSGES M B H,5,223
IPSEN INNOVATION,5,224
THUNDER BAY REGIONAL HEALTH RESEARCH INSTITUTE,5,225
COHERUS BIOSCIENCES INC.,5,226
CORCEPT THERAPEUTICS INC,5,227
CHU SAINTE JUSTINE,5,228
RA PHARMACEUTICALS INC,5,229
"GENZYME, A SANOFI COMPANY",5,230
ZOGENIX INTERNATIONAL LIMITED,5,231
RIGEL PHARMACEUTICALS INC.,5,232
"AIMMUNE THERAPEUTICS, INC",5,233
ALECTOR INC,5,234
FORUM PHARMACEUTICALS INC,5,235
SYNDAX PHARMACEUTICALS INC,5,236
CELLDEX THERAPEUTICS INC,5,237
STEMLINE THERAPEUTICS INC,5,238
"AEGLEA BIOTHERAPEUTICS, INC",5,239
GLOBAL BLOOD THERAPEUTICS INC,5,240
PURDUE PHARMA,5,241
ASANA BIOSCIENCES LLC,5,242
CARA THERAPEUTICS,5,243
CIUSSS DE L'EST DE L'ILE-DE-MONTRÉAL,5,244
ALUMIS INC.,5,245
ST PAUL'S SINUS CENTRE,5,246
"IDEAYA BIOSCIENCES, INC.",5,247
ENANTA PHARMACEUTICALS INC,5,248
"CARDURION PHARMACEUTICALS, INC",5,249
UNIVERSITY OF ALBERTA,5,250
FIBROGEN INCORPORATED,5,251
"SUMITOMO PHARMA AMERICA, INC",5,252
"CASSAVA SCIENCES, INC.",5,253
GALAPAGOS NV,5,254
"CANADIAN IMMUNIZATION RESEARCH NETWORK (CIRN), DALHOUSIE UNIVERSITY",5,255
CENTRE INTEGRE UNIVERSITAIRE DE SANTE ET DE SERVICES SOCIAUX DE L'EST DE MONTREA,5,256
NONO INC,5,257
CHIESI FARMACEUTICI S.P.A.,5,258
QU BIOLOGICS INC,5,259
PRINCIPIA BIOPHARMA INC,5,260
SINAI HEALTH SYSTEM,4,261
SEATTLE GENETICS INC,4,262
DOW PHARMACEUTICAL SCIENCES,4,263
CIUSSS DU NORD-DE-L'ILE-DE-MONTRÉAL - HÔPITAL DU SACRÉ-COEUR DE MONTRÉAL.,4,264
SOLAEROMED INC,4,265
INVERSAGO PHARMA INC,4,266
"INOVIO PHARMACEUTICALS, INC.",4,267
"ANTHOS THERAPEUTICS, INC.",4,268
INFINITY PHARMACEUTICALS INC,4,269
LIB THERAPEUTIC LLC,4,270
UNIVERSITY OF OTTAWA INSTITUTE OF MENTAL HEALTH RESEARCH,4,271
"ORUKA THERAPEUTICS, INC.",4,272
BRAIN AND COGNITION DISCOVERY FOUNDATION,4,273
"IOVANCE BIOTHERAPEUTICS, INC",4,274
DAIICHI SANKYO PHARMA DEVELOPMENT,4,275
MERRIMACK PHARMACEUTICALS,4,276
"SURFACE ONCOLOGY, INC.",4,277
PRINCESS MARGARET PHASE I CONSORTIUM,4,278
REVERAGEN BIOPHARMA INC,4,279
MYOVANT SCIENCES GMBH,4,280
CANCER CARE PROVINCIAL HEALTH CORPORATION,4,281
SHIRE PHARMA CANADA ULC,4,282
ARIAD PHARMACEUTICALS INC,4,283
CATABASIS PHARMACEUTICALS INC,4,284
"VIR BIOTECHNOLOGY, INC.",4,285
TURNSTONE BIOLOGICS,4,286
"ALBERTA HEALTH SERVICES, CROSS CANCER INSTITUTE",4,287
OTONOMY INC,4,288
FOREST RESEARCH INSTITUTE,4,289
ALBIREO AB,4,290
ASTELLAS PHARMA EUROPE B.V.,4,291
"MITSUBISHI TANABE PHARMA AMERICA, INC.",4,292
"ATARA BIOTHERAPEUTICS, INC",4,293
ACADIA PHARMACEUTICALS INC,4,294
DAY ONE BIOPHARMACEUTICALS INC,4,295
ID BIOMEDICAL CORPORATION OF QUEBEC,4,296
MONTREAL NEUROLOGICAL INSTITUTE,4,297
MOMENTA PHARMACEUTICALS INC,4,298
"DERMAVANT SCIENCES, INC",4,299
KALVISTA PHARMACEUTICALS LTD.,4,300
COLLABORATIVE NETWORK FOR NEURO-ONCOLOGY CLINICAL TRIALS (CONNECT),4,301
SHIONOGI INC,4,302
ASCENTAGE PHARMA GROUP INC.,4,303
UNIVERSITÉ DE SHERBROOKE,4,304
NATIONAL INSTITUTE OF HEALTH,4,305
"KITE, A GILEAD COMPANY",4,306
AXOVANT SCIENCES LTD,4,307
ALK- ABELLO A/S,4,308
POPULATION HEALTH RESEARCH INSTITUTE,4,309
"MERSANA THERAPEUTICS, INC",4,310
ARBUTUS BIOPHARMA CORPORATION,4,311
NSABP FOUNDATION INC,4,312
PEDIATRIC BRAIN TUMOUR CONSORTIUM,4,313
PEPGEN INC.,4,314
MEDIVATION INC,4,315
VERASTEM INCORPORATED,4,316
RTOG FOUNDATION,4,317
SALIX PHARMACEUTICALS INC,4,318
"NUVALENT, INC.",4,319
ASCENDIS PHARMA ENDOCRINOLOGY DIVISION A/S,4,320
"EMALEX BIOSCIENCES, INC",4,321
UNIVERSITY OF OTTAWA HEART INSTITUTE,4,322
CELGENE INTERNATIONAL II SARL (CIS II),4,323
ATEA PHARMACEUTICALS INC,4,324
PHARMAESSENTIA CORPORATION,4,325
1GLOBE HEALTH INSTITUTE,4,326
ADAMAS PHARMACEUTICALS INC.,4,327
THE MEDICINES COMPANY,4,328
BLOORVIEW RESEARCH INSTITUTE,4,329
"BAUSCH HEALTH AMERICAS, INC.",4,330
IPSEN PHARMA,4,331
BELLUS HEALTH INC,4,332
EVELO BIOSCIENCES INC,4,333
ST. MICHAEL'S HOSPITAL UNITY HEALTH TORONTO,4,334
IPSEN BIOSCIENCE INC,4,335
BIOGEN IDEC MA INC,4,336
"USWM CT, LLC",4,337
EISAI LIMITED,4,338
AKCEA THERAPEUTICS INC,4,339
DR MATTHIAS FRIEDRICH,4,340
CHEMOCENTRYX INC,4,341
CENTRE INTÉGRÉ UNIVERSITAIRE DE SANTÉ ET DE SERVICES SOCIAUX,4,342
"ASTRIA THERAPEUTICS, INC.",4,343
"COGENT BIOSCIENCES, INC.",4,344
ASCENDIS PHARMA GROWTH DISORDERS A/S,4,345
"VERA THERAPEUTICS, INC",4,346
PRINCESS MARGARET HOSPITAL,4,347
ITALFARMACO S.P.A.,4,348
ESCIENT PHARMCEUTICALS INC,4,349
GB002 INC.,4,350
BIOHAVEN THERAPEUTICS LTD,3,351
CENTRE HOSPITALIER UNIVERSITAIRE DE SHERBROOKE,3,352
AKEBIA THERAPEUTICS INC,3,353
INMAGENE LLC,3,354
PROQR THERAPEUTICS IV BV,3,355
BEAT CHILDHOOD CANCER,3,356
ONYX THERAPEUTICS INC,3,357
SHATTUCK LABS INC,3,358
MITSUBISHI TANABE PHARMA DEVELOPMENT AMERICA INC,3,359
ALCON RESEARCH LIMITED,3,360
TORONTO WESTERN HOSPITAL,3,361
PROTALIX LTD,3,362
DR. JOSHUA D. ROSENBLAT,3,363
TETRA BIO-PHARMA INC.,3,364
"CUTANEA LIFE SCIENCES, INC",3,365
GILBERT BLAISE INC,3,366
DANA FARBER CANCER INSTITUTE,3,367
XENCOR INC.,3,368
DR. STEEVE PROVENCHER,3,369
DR STEPHANIE LHEUREUX,3,370
MEI PHARMA INC,3,371
VTV THERAPEUTICS LLC,3,372
INSTITUTO GRIFOLS S.A.,3,373
KYOWA KIRIN PHARMACEUTICAL DEVELOPMENT INC,3,374
MERUS B.V.,3,375
MERZ PHARMACEUTICALS GMBH,3,376
SUSTAINED THERAPEUTICS INC,3,377
PUMA BIOTECHNOLOGY INC,3,378
"ODONATE THERAPEUTICS, INC",3,379
CENTRE FOR PROBE DEVELOPMENT AND COMMERCIALIZATION,3,380
PHARMACYCLICS INC,3,381
CPC CLINICAL RESEARCH,3,382
CARDIOL THERAPEUTICS INC,3,383
CENTRE HOSPITALIER UNIVERSITAIRE DE QUEBEC,3,384
Q-MED AB,3,385
JANSSEN R&D IRELAND,3,386
BIOVERATIV THERAPEUTICS INC,3,387
"KINIKSA PHARMACEUTICALS, LTD.",3,388
DENALI THERAPEUTICS INC.,3,389
BIOBLAST PHARMA LTD,3,390
UCB CANADA INC,3,391
AQUINOX PHARMACEUTICALS INC,3,392
FINCH RESEARCH AND DEVELOPMENT LLC,3,393
PLIANT THERAPEUTICS INC,3,394
"TORL BIOTHERAPEUTICS, LLC",3,395
"AKERO THERAPEUTICS, INC",3,396
"PHARMA MAR, S.A.",3,397
CUBIST PHARMACEUTICALS CANADA INC.,3,398
"APOGEE THERAPEUTICS, INC",3,399
MYELOMA CANADA RESEARCH NETWORK,3,400
CLEMENTIA PHARMACEUTICALS INC.,3,401
NATIONAL CANCER INSTITUTE DIVISION OF CANCER PREVENTION,3,402
THUNDER BAY REGIONAL RESEARCH INSTITUTE,3,403
"RAYZEBIO, INC.",3,404
BELLEROPHON PULSE TECHNOLOGIES LLC,3,405
DYAX CORP,3,406
CORVUS PHARMACEUTICALS INC,3,407
CANADIAN CENTER FOR VACCINOLOGY (CCFV),3,408
ANAVEX CANADA LTD.,3,409
ADC THERAPEUTICS SA,3,410
SERES THERAPEUTICS,3,411
"EIGER BIOPHARMACEUTICALS, INC",3,412
TAYSHA GENE THERAPIES INC.,3,413
"ORIC PHARMACEUTICALS, INC.",3,414
ST BONIFACE GENERAL HOSPITAL,3,415
ISIS PHARMACEUTICALS INC,3,416
PROTAGONIST THERAPEUTICS INC,3,417
"RELAY THERAPEUTICS, INC.",3,418
INSTITUT UNIVERSITAIRE DE CARDIOLOGIE ET DE PNEUMOLOGIE DE QUEBEC,3,419
SUMMIT THERAPEUTICS INC.,3,420
DEBIOPHARM INTERNATIONAL SA,3,421
"ALLOVIR, INC",3,422
SWEDISH ORPHAN BIOVITRUM AB (PUBL),3,423
ACELYRIN INC.,3,424
"ELEDON PHARMACEUTICALS, INC.",3,425
BAXTER HEALTHCARE CORPORATION,3,426
PROTEOSTASIS THERAPEUTICS INC,3,427
UNIVERSITY MEDICAL CENTER GRONINGEN,3,428
"CG ONCOLOGY, INC",3,429
ALLOGENE THERAPEUTICS INC,3,430
MEZZION PHARMA CO. LTD.,3,431
"BC CANCER, PART OF THE PROVINCIAL HEALTH SERVICES AUTHORITY - VANCOUVER CENTER",3,432
GALERA THERAPEUTICS INC,3,433
CHILDRENS HOSPITAL OF EASTERN ONTARIO RESEARCH INSTITUTE,3,434
LABORATOIRES THEA,3,435
CEREVEL THERAPEUTICS LLC,3,436
"ARETEIA THERAPEUTICS, INC",3,437
"TREELINE BIOSCIENCES, INC.",3,438
"CONCERT PHARMACEUTICALS, INC.",3,439
VANCOUVER GENERAL HOSPITAL,3,440
AVALYN PHARMA INC,3,441
"INOZYME PHARMA, INC.",3,442
"MARINUS PHARMACEUTICALS, INC.",3,443
"LONGBOARD PHARMACEUTICALS, INC.",3,444
AGENSYS INC,3,445
"MAPLIGHT THERAPEUTICS, INC.",3,446
"SOLID BIOSCIENCES, INC.",3,447
SANOFI PASTEUR INC,3,448
CALLIDITAS THERAPEUTICS AB,3,449
UROVANT SCIENCES GMBH,3,450
REATA PHARMACEUTICALS INC,3,451
ALX ONCOLOGY INC.,3,452
GE HEALTHCARE LTD  & AFFILIATES,3,453
HAL ALLERGY BV,3,454
AKROS PHARMA INC,3,455
NOVA SCOTIA HEALTH AUTHORITY,3,456
"PROMETHEUS BIOSCIENCES, INC.",3,457
VBI VACCINES,3,458
MEIRAGTX LLC,3,459
ST JUDE CHILDRENS RESEARCH HOSPITAL,3,460
CENTRE DE RECHERCHE DU CHUS,3,461
35PHARMA INC.,3,462
PROGENICS PHARMACEUTICALS INC,3,463
REPARE THERAPEUTICS,3,464
BIOGEN CANADA INC,3,465
UNIVERSITY OF MARYLAND,3,466
ACORDA THERAPEUTICS INC,3,467
PEDIATRIC ONCOLOGY EXPERIMENTAL THERAPEUTIC INVESTIGATOR CONSORTIUM,3,468
89BIO INC.,3,469
CORBUS PHARMACEUTICALS INC,3,470
BEAT CHILDHOOD CANCER RESEARCH CONSORTIUM,3,471
PEARL THERAPEUTICS INC,3,472
CALITHERA BIOSCIENCES INC,3,473
HOPITAL CHARLES LEMOYNE,3,474
"ARRIVENT BIOPHARMA, INC.",3,475
REGENXBIO  INC,3,476
ZUCARA THERAPEUTICS INC.,3,477
STEMCELLS INC,3,478
"TOBIRA THERAPEUTICS, INC",3,479
GREEN CROSS CORPORATION,3,480
OCTAPHARMA AG,3,481
UNIQURE BIOPHARMA B.V.,3,482
WOMENS COLLEGE HOSPITAL,3,483
DICERNA PHARMACEUTICALS INC,3,484
ARISTEA THERAPEUTICS INC,3,485
"IGM BIOSCIENCES, INC.",3,486
AURIS MEDICAL INC,3,487
INNOVADERM RESEARCH INC,3,488
AVEO PHARMACEUTICALS INC,3,489
DR JEAN-PIERRE ROUTY,3,490
QUARK PHARMACEUTICALS INC,3,491
ALETHIA BIOTHERAPEUTICS INC,3,492
DR EVDOKIA ANAGNOSTOU,3,493
GW RESEARCH LIMITED,3,494
"OLEMA PHARMACEUTICALS, INC.",3,495
FUSION PHARMACEUTICALS INC.,3,496
"VIRIDIAN THERAPEUTICS, INC.",3,497
ELEVEN BIOTHERAPEUTICS INC,3,498
LAURENT PHARMACEUTICALS,3,499
"DR. JOHN KURUVILLA, UNIVERSITY HEALTH NETWORK",3,500
CHX TECHNOLOGIES INC,3,501
AVID RADIOPHARMACEUTICALS INC,3,502
"SYNTHETIC BIOLOGICS, INC",3,503
BRITISH COLUMBIA WOMENS HOSPITAL,2,504
MEDYTOX INC.,2,505
NOTRE DAME HOSPITAL,2,506
SAVARA INC.,2,507
SIGNALCHEM LIFESCIENCES CORPORATION,2,508
QUANTUM GENOMICS,2,509
DR. MARK HULL,2,510
KOKUA PHARMA INC.,2,511
APPILI THERAPEUTICS INC,2,512
NATIONAL INSTITUTE OF ALLERGY AND INFECTIOUS DISEASES (NIAID),2,513
INVENTIVA S.A,2,514
SEATTLE CHILDREN S HOSPITAL,2,515
IPSEN PHARMA SAS,2,516
THE RESEARCH INSITITUTE OF ST. JOSEPH'S HAMILTON,2,517
"DIVISION OF ALLERGY, IMMUNOLOGY, AND TRANSPLANTATION; NIAID NIH",2,518
MYLAN GMBH,2,519
LIPOCINE INC,2,520
ERASCA INC,2,521
UROGEN PHARMA LTD,2,522
ASLAN PHARMACEUTICALS PTE. LTD,2,523
BOEHRINGER INGELHEIM PHARMA GMBH & CO. KG,2,524
SANOFI AVENTIS,2,525
"VEDANTA BIOSCIENCES, INC",2,526
MIRAGEN THERAPEUTICS INC,2,527
ROOTS TO THRIVE,2,528
GUARD THERAPEUTICS INTERNATIONAL AB,2,529
ACACIA PHARMA LTD,2,530
"ALTIMMUNE, INC.",2,531
INVENTPRISE INC.,2,532
"CARTESIAN THERAPEUTICS, INC.",2,533
NORTHWEST BIOTHERAPEUTICS INC,2,534
CONSTELLATION PHARMACEUTICALS INC.,2,535
"MURAL ONCOLOGY, INC",2,536
NRG ONCOLOGY AT THE AMERICAN COLLEGE OF RADIOLOGY,2,537
ORGANON CANADA INC.,2,538
ANTIBE THERAPEUTICS INC,2,539
"ETHICON, A JOHNSON & JOHNSON COMPANY",2,540
MOBERG PHARMA AB,2,541
DR. ANCA PRICA,2,542
ROYAL VICTORIA HOSPITAL,2,543
DR. LYSANNE CAMPEAU,2,544
SANOFI PASTEUR LIMITED,2,545
"EQUILLIUM, INC.",2,546
ALTAVANT SCIENCES GMBH,2,547
ALLAKOS INC.,2,548
ASCENDIS PHARMA BONE DISEASES A/S,2,549
ANNEXON BIOSCIENCES,2,550
CONCORDIA UNIVERSITY,2,551
THE UNIVERSITY OF KANSAS MEDICAL CENTER,2,552
VELOSBIO INC.,2,553
BIOTIE THERAPIES INC,2,554
MCMASTER UNIVERSITY NUCLEAR MEDICINE PROGRAM,2,555
"SIERRA ONCOLOGY, INC",2,556
SUN PHARMACEUTICAL INDUSTRIES LIMITED,2,557
PULMOCIDE LTD,2,558
DIZAL (JIANGSU) PHARMACEUTICAL CO. LTD,2,559
AEROVATE THERAPEUTICS INC,2,560
RENEO PHARMA LTD,2,561
SHIRE CANADA INC,2,562
"BIOMEA FUSION, INC.",2,563
RESVERLOGIX CORP,2,564
FERRING PHARMACEUTICALS A S,2,565
"EPYGENIX THERAPEUTICS, INC.",2,566
"REVOLUTION MEDICINES, INC.",2,567
NUVATION BIO INC,2,568
NUVOX PHARMA LLC,2,569
"RENIBUS THERAPEUTICS, INC.",2,570
PETER MACCALLUM CANCER CENTRE,2,571
REZOLUTE INC.,2,572
"BLUEFIN BIOMEDICINE, INC",2,573
PHARNEXT,2,574
Y-MABS THERAPEUTICS A/S,2,575
FLEXION THERAPEUTICS INC,2,576
WASHINGTON UNIVERSITY IN ST. LOUIS,2,577
CLINIQUE NEURO-OUTAOUAIS,2,578
SANOFI AVENTIS GROUP,2,579
"PELLEPHARM, INC",2,580
PROVIDENCE HEALTH CARE-SAINT PAUL'S HOSPITAL,2,581
ONCOETHIX GMBH,2,582
"CABALETTA BIO, INC.",2,583
RECORDATI RARE DISEASES CANADA INC,2,584
BRITISH COLUMBIA CENTRE ON SUBSTANCE USE,2,585
"PRIOVANT THERAPEUTICS, INC",2,586
NEOKERA LLC,2,587
INSTITUT DE CARDIOLOGIE DE MTL,2,588
AERIE PHARMACEUTICALS INC,2,589
"VIFOR PHARMA, INC.",2,590
WASHINGTON UNIVERSITY SCHOOL OF MEDICINE,2,591
"MINERALYS THERAPEUTICS, INC.",2,592
CRISPR THERAPEUTICS AG,2,593
CROSS CANCER INSTITUTE,2,594
UNIVERSITY OF CHICAGO MEDICAL CENTER,2,595
FILAMENT HEALTH CORP.,2,596
"DALCOR PHARMA UKLTD, SWISS BRANCH",2,597
HEXIRIS INC.,2,598
"GRIN THERAPEUTICS, INC",2,599
"KRIYA THERAPEUTICS, INC.",2,600
DR. SUBODH VERMA,2,601
DR DAVID Z I CHERNEY,2,602
GAURAV GUPTA,2,603
"REPLICEL LIFE SCIENCES, INC",2,604
RYVU THERAPEUTICS S.A.,2,605
ITERION THERAPEUTICS,2,606
AMO PHARMA LTD,2,607
ADURO BIOTECH INC,2,608
RAPT THERAPEUTICS INC.,2,609
"SOBI, INC",2,610
AMACATHERA INC.,2,611
IPSEN BIOPHARMACEUTICALS CANADA INC,2,612
SUCAMPO AG,2,613
"THERACOS SUB, LLC",2,614
DR. LAKSHMI YATHAM,2,615
OSE IMMUNOTHERAPEUTICS,2,616
DR SOHEL SOMANI,2,617
"ROBARTS RESEARCH INSTITUTE, WESTERN UNIVERSITY",2,618
DR FRANCOIS CORBIN,2,619
ISOLOGIC INNOVATIVE RADIOPHARMACEUTICALS LTD.,2,620
DR GARY ANDOLFATTO,2,621
"AUSPEX PHARMACEUTICALS, INCORPORATED",2,622
"DNATRIX, INC",2,623
SUNOVION PHARMACEUTICALS INC,2,624
TOLMAR INC,2,625
"UPSTREAM BIO, INC.",2,626
SANOTIZE RESEARCH & DEVELOPMENT CORP.,2,627
STALLERGENES S.A.,2,628
"VEGA THERAPEUTICS, INC",2,629
MADRIGAL PHARMACEUTICALS INC,2,630
SYROS PHARMACEUTICALS INC,2,631
"NEUMORA THERAPEUTICS, INC. (NEUMORA)",2,632
TREVI THERAPEUTICS INC,2,633
"EDESA BIOTECH RESEARCH, INC",2,634
"FUJIFILM KYOWA KIRIN BIOLOGICS CO, LTD",2,635
"AEROGEN PHARMA, LTD.",2,636
"PASSAGE BIO, INC.",2,637
CANADIAN MEDICAL AND SURGICAL KNOWLEDGE TRANSLATION RESEARCH GROUP,2,638
ADVICENNE,2,639
SHIRE VIROPHARMA INC,2,640
SUMMIT (OXFORD) LIMITED,2,641
AVANIR PHARMACEUTICALS,2,642
MALLINCKRODT ARD INC,2,643
VYNE THERAPEUTICS INC.,2,644
"KURA ONCOLOGY, INC.",2,645
DR VERINDER SHARMA,2,646
"INTELLIA THERAPEUTICS, INC.",2,647
CENTESSA PHARMACEUTICALS (UK) LIMITED,2,648
NEWAMSTERDAM  PHARMA B.V.,2,649
COMPASS PATHFINDER LIMITED,2,650
"AMERICAN REGENT, INC",2,651
ORGANON LLC,2,652
VARIATION BIOTECHNOLOGIES INC,2,653
PRAXIS PRECISION MEDICINE,2,654
DR SOUVIK MITRA,2,655
SERMONIX PHARMACEUTICALS INC.,2,656
AVROBIO INC,2,657
"SPRING BANK PHARMACEUTICALS, INC",2,658
TEVA PHARMACEUTICAL INDUSTRIES LTD,2,659
OCTAPHARMA CANADA INC,2,660
MIRATI THERAPEUTICS INCORPORATED,2,661
CANOPY HEALTH INNOVATIONS INC,2,662
BICYCLETX LIMITED,2,663
"MEDILINK THERAPEUTICS (SUZHOU) CO., LTD.",2,664
AURINIA PHARMACEUTICALS INC,2,665
SIENNA BIOPHARMACEUTICALS INC,2,666
"ALPINE IMMUNE SCIENCES, INC.",2,667
DESENTUM OY,2,668
BRUYÈRE HEALTH RESEARCH INSTITUTE,2,669
FORBIUS (FORMATION BIOLOGICS),2,670
"SCYNEXIS, INC.",2,671
"EDITAS MEDICINE, INC.",2,672
OMEROS CORPORATION,2,673
EDGE THERAPEUTICS INC,2,674
ANTHERA PHARMACEUTICALS INC,2,675
APEX LABS INC.,2,676
PROTHENA THERAPEUTICS LIMITED,2,677
"DICE THERAPEUTICS, INC.",2,678
"PEDAL BLOOD CANCER UNITED, LLC",2,679
"SERENE, LLC",2,680
"AXCELLA HEALTH, INC",2,681
CSL BEHRING CANADA INC,2,682
OBSEVA S.A,2,683
"SICHUAN KELUN-BIOTECH BIOPHARMACEUTICAL CO., LTD",2,684
DR ANNE CONLIN,2,685
PHARMACOSMOS A/S,2,686
REMEDY INSTITUTE,2,687
VIACYTE INC,2,688
ASSISTANCE PUBLIQUE - HÔPITAUX DE PARIS,2,689
CENTRE D'EXCELLENCE EN THÉRAPIE CELLULAIRE - CIUSS DE L'EST-DE-L'ÎLE-DE-MONTRÉAL,2,690
"TREADWELL THERAPEUTICS, INC.",2,691
DR ELIZABETH FINGER,2,692
ABLYNX NV,2,693
ORPHAZYME A/S,2,694
DR RICHARD BRULL,2,695
"SPRUCE BIOSCIENCE, INC.",2,696
UNIVERSITY OF NEW SOUTH WALES,2,697
CANCER CARE MANITOBA,2,698
RESPIRATORY INVESTIGATION UNIT,2,699
CHUGAI PHARMACEUTICAL CO LTD,2,700
ENDEAVOR BIOMEDICINES,2,701
"VISTERRA, INC",2,702
IMMUNOMEDICS INC,2,703
BICARA THERAPEUTICS,2,704
"VERVE THERAPEUTICS, INC., A WHOLLY OWNED SUBSIDIARY OF ELI LILLY AND COMPANY",2,705
ZENAS BIOPHARMA (USA) LLC,2,706
ATMA JOURNEY CENTRES,2,707
VERSARTIS INC,2,708
NATIONAL INSTITUTES OF HEALTH,2,709
"IRONWOOD PHARMACEUTICALS, INC",2,710
SLING THERAPEUTICS INC,2,711
CENTRE DE RECHERCHE DU CENTRE HOSPITALIER DE L'UNIVERSITÉ DE MONTRÉAL,2,712
MONTREAL CHILDRENS HOSPITAL,2,713
ST JOSEPHS HOSPITAL HAMILTON,2,714
UNIVERSITY OF CALIFORNIA,2,715
APCINTEX LIMITED,2,716
"ANELIXIS THERAPEUTICS, INC",2,717
CENTRE DE RECHERCHE DU CHU DE QUEBEC,2,718
PRELUDE THERAPEUTICS INCORPORATED,2,719
DR DAVID PALMA,2,720
AMERICAN COLLEGE OF RADIOLOGY RADIATION THERAPY ONCOLOGY GROUP,2,721
OPTINOSE US INC,2,722
INMUNE BIO INC.,2,723
ALIMENTIV INC.,2,724
KINGSTON GENERAL HEALTH RESEARCH INSTITUTE,2,725
SWEDISH ORPHAN BIOVITRUM AG (SOBI AG),2,726
SENSORION,2,727
DR MICHAEL TSOUKAS,2,728
AB2 BIO LTD,2,729
CLINIQUE OVO,2,730
SANOFI VACCINES US INC,2,731
DR. JONATHAN TROY GRENNAN,2,732
ENDOCYTE INC,2,733
KIADIS PHARMA NETHERLANDS BV,2,734
INFLARX GMBH,2,735
SAGIMET BIOSCIENCES,2,736
DR JONATHAN BEAUDOIN,2,737
MEIJI PHARMA USA INC,2,738
XOMA US LLC,2,739
NIGHTSTARX LTD,2,740
"HUMAN IMMUNOLOGY BIOSCIENCES, INC. (HI-BIO)",2,741
CUBIST PHARMACEUTICALS LLC,2,742
JOHNS HOPKINS BLOOMBERG SCHOOL OF PUBLIC HEALTH,2,743
PHAROS PHARMACEUTICAL ORIENTED SERVICES SINGLE MEMBER LTD.,2,744
EUPRAXIA PHARMACEUTICALS INC,2,745
"VENTYX BIOSCIENCES, INC.",2,746
"DISC MEDICINE, INC.",2,747
ORION CORPORATION,2,748
GLENMARK PHARMACEUTICALS S.A,2,749
LYCERA CORP,2,750
HYGEA CLINIC,2,751
"SALUBRIS BIOTHERAPEUTICS, INC.",2,752
"DIANTHUS THERAPEUTICS, INC",2,753
BRIGHAM AND WOMENS HOSPITAL,2,754
NEPHRON PHARMACEUTICALS CORP,2,755
"UNIVERSITY OF BRITISH COLUMBIA, SCHOOL OF HEALTH AND EXERCISE SCIENCE",2,756
GEMPHIRE THERAPEUTICS INC,2,757
MCMASTER CHILDRENS HOSPITAL,2,758
"PROVENTION BIO, INC",2,759
VIRACTA THERAPEUTICS INC.,2,760
TEVA CANADA LIMITED,2,761
CAPITAL DISTRICT HEALTH AUTHORITY,2,762
XERIS PHARMACEUTICALS INC,2,763
GRUNENTHAL GMBH,2,764
PRELUDE THERAPEUTICS,2,765
ARCH BIOPARTNERS INC.,2,766
DR. JOHN LENEHAN,2,767
ALZHEON INC,2,768
"IMMUNITYBIO, INC.",2,769
"SPRINGWORKS THERAPEUTICS, INC.",2,770
SFJ PHARMACEUTICALS,2,771
DOW PHARMACEUTICAL SCIENCES INC,2,772
EUROPEAN MYELOMA NETWORK (EMN),2,773
WEX PHARMACEUTICALS INC,2,774
DALHOUSIE UNIVERSITY,2,775
SANTHERA PHARMACEUTICALS (SWITZERLAND) LIMITED,2,776
DR ALESSANDRO DORIA,2,777
ABCURO INC,2,778
PROMETIC PHARMA SMT LTD,2,779
ZURA BIO INC.,2,780
OPTHEA LIMITED,2,781
DR. RODRIGO B. MANSUR,2,782
DR. KEYVAN KARKOUTI,2,783
GERON CORPORATION,2,784
AMICUS THERAPEUTICS INC,2,785
REDHILL BIOPHARMA LTD.,2,786
POINT BIOPHARMA,2,787
NORTHERN THERAPEUTICS INC.,2,788
BOND AVILLION 2 DEVELOPMENT LP,2,789
"TRIUMVIRA IMMUNOLOGICS, INC.",2,790
CANADIAN MYELOMA RESEARCH GROUP,2,791
PROMETIC BIOSCIENCES INC,2,792
OSMOTICA PHARMACEUTICAL CORPORATION,2,793
"APNIMED, INC",2,794
ADVANCED ACCELERATOR APPLICATIONS INTERNATIONAL SA,2,795
PEDIATRIC TRANSPLANTATION AND CELLULAR THERAPY CONSORTIUM,2,796
INTERNATIONAL CENTER FOR HEALTH OUTCOMES AND INNOVATION RESEARCH,2,797
"EIKON THERAPEUTICS, INC.",2,798
AL-S PHARMA,2,799
MERZ THERAPEUTICS GMBH,2,800
CARSGEN THERAPEUTICS CORPORATION,2,801
CENTRE DE RECHERCHE DU CENTRE HOSPITALIER UNIVERSITAIRE DE SHERBROOKE,2,802
ARADIGM CORPORATION,2,803
MUNDIPHARMA RESEARCH LIMITED,2,804
CIVITAS THERAPEUTICS INC,2,805
UNIVERSITY OF SOUTHERN CALIFORNIA,2,806
"VACCINE EVALUATION CENTER, UNIVERSITY OF BRITISH COLOMBIA",2,807
SUTRO BIOPHARMA,2,808
OCTANE BIOTHERAPEUTICS INC.,2,809
AMG MEDICAL INC,2,810
BIOVERATIV USA INC,2,811
TYRA BIOSCIENCES INC.,2,812
SYNERGY PHARMACEUTICALS INC,2,813
ELOXX PHARMACEUTICALS INC,2,814
"ARCUTIS, INC",2,815
DR DAREN HEYLAND,2,816
"UBC CENTRE FOR HEART LUNG INNOVATION, ST. PAUL'S HOSPITAL",2,817
DENOVO BIOPHARMA LLC,2,818
TENAX THERAPEUTICS INC,2,819
MICROBARIC OXYGEN SYSTEMS LLC,1,820
QLT INC,1,821
CORVIA MEDICAL INC,1,822
NOVA MENTIS LIFE SCIENCE CORP,1,823
LABORATOIRES THÉA,1,824
DR.COURTNEY CASSERLY,1,825
ASCENDIS PHARMA INC.,1,826
DR GEORGE MEDVEDEV,1,827
UNIVERSITY OF LIVERPOOL,1,828
"SOMAHLUTION, INC",1,829
"TISENTO THERAPEUTICS, INC.",1,830
"AVEXIS, INC",1,831
CONTINEUM THERAPEUTICS INC,1,832
DR SHANON HUMPHREY,1,833
RECEPTOS INCORPORATED,1,834
MDVI LLC,1,835
TRICIDA INC,1,836
DR. JANET E. POPE,1,837
SAINT LUKE'S HOSPITAL OF KANSAS CITY,1,838
DR JEFFREY MEYER,1,839
TOCAGEN INC,1,840
VELOXIS PHARMACEUTICALS,1,841
"ALLAY THERAPEUTICS, INC",1,842
QURALIS CORPORATION,1,843
PSILO SCIENTIFIC LTD.,1,844
PPM SERVICES S.A.,1,845
DALCOR PHARMACEUTICALS CANADA INC.,1,846
UNIVERSITY OF FLORIDA,1,847
CELTAXSYS INC,1,848
DR. GERALD BATIST,1,849
DR. MATHEW KIBERD,1,850
"HOTSPOT THERAPEUTICS, INC",1,851
BAUSCH & LOMB CANADA INC,1,852
FLAMEL IRELAND LTD TRADING UNDER THE BUSINESS NAME AVADEL IRELAND,1,853
"JASPER THERAPEUTICS, INC",1,854
"ALLROCK BIO, INC.",1,855
"NIMBUS LAKSHMI, INC.",1,856
ODYSSEY THERAPEUTICS,1,857
"MIRUM PHARMACEUTICALS, INC.",1,858
DR. ALI ABDALVAND,1,859
DR. VICTOR TOAN LE,1,860
ALZHEIMER'S DISEASE COOPERATIVE STUDY (ADCS),1,861
MUNDIPHARM RESEARCH GMBH & CO. KG,1,862
PRILENIA THERAPEUTICS B.V.,1,863
"IMAGINAB, INC.",1,864
CALADRIUS BIOSCIENCES,1,865
NOEMA PHARMA AG,1,866
GENEVA UNIVERSITY HOSPITALS,1,867
ALENTIS THERAPEUTICS AG,1,868
"TCR2 THERAPEUTICS, INC. (A SUBSIDIARY OF ADAPTIMMUNE THERAPEUTICS PLC)",1,869
ONO PHARMACEUTICAL CO LTD,1,870
DR. MARK VINCENT,1,871
DR. CONNOR MCGUIRE,1,872
DR. MARK BASIK,1,873
DIMENSION THERAPEUTICS,1,874
DR JONATHAN YOUNG,1,875
STATE UNIVERSITY OF NEW YORK AT BUFFALO,1,876
DR. SARA BELGA MONTEIRO PEREIRA,1,877
MEDA PHARMA GMBH & CO. KG,1,878
BOSTON PHARMACEUTICALS INC,1,879
DR. YULIYA KNYAHNYTSKA,1,880
DR. EVELYNE D. TROTTIER,1,881
EQUILIBRA BIOSCIENCE LLC,1,882
"NAUREX, INC",1,883
UNIVERSITY OF OTTAWA INSTITUTE FOR MENTAL HEALTH RESEARCH,1,884
"CONJUPRO BIOTHERAPEUTICS, INC",1,885
PROVIDENCE THERAPEUTICS INC,1,886
"DOW PHARMACEUTICAL SCIENCES, A DIV OF VALEANT PHARMACEUTICALS NORTH AMERICA LLC",1,887
ZIARCO PHARMA LTD,1,888
"THERAS, INC., D/B/A BRIDGEBIO ONCOLOGY THERAPEUTICS",1,889
MYLAN TECHNOLOGIES INC,1,890
"DR. KEVIN H. M. KUO, UNIVERSITY HEALTH NETWORK",1,891
DR. BRADLEY GREENE,1,892
COCRYSTAL PHARMA INC,1,893
CANADIAN CANCER TRIALS GROUP,1,894
MEDICINOVA INC,1,895
DR. RUBY GREWAL,1,896
TOLYMPH INC.,1,897
"ADVANCED ACCELERATOR APPLICATIONS USA, INC.",1,898
RADIALIS INC,1,899
"NOBIAS THERAPEUTICS, INC",1,900
NOVARTIS VACCINES AND DIAGNOSTICS INC,1,901
Q32 BIO INC,1,902
"THERAPEUTICSMD, INC",1,903
LEADING BIOSCIENCES INC,1,904
BASILEA PHARMACEUTICA INTERNATIONAL LTD,1,905
"KYMERA THERAPEUTICS, INC.",1,906
SYNLOGIC OPERATING COMPANY INC.,1,907
CORTENDO AB,1,908
ZYUS LIFE SCIENCES INC.,1,909
ANN AND ROBERT H. LURIE CHILDREN'S HOSPITAL OF CHICAGO,1,910
DR. PATRICK COUTURE,1,911
NOVOTERIS LLC,1,912
JUBILANT HOLLISTERSTIER LLC,1,913
"DR. YVETTE DREW, BC CANCER AGENCY",1,914
CENTRE HOSPITALIER AFFILIÉ UNIVERSITAIRE DE QUÉBEC,1,915
ALLERGAN SALES LLC,1,916
UNIVERSITY OF TORONTO,1,917
BRIACELL THERAPEUTICS CORP.,1,918
ASCENDIS PHARMA ONCOLOGY DIVISION A/S,1,919
LOCEMIA SOLUTIONS ULC,1,920
RAIN ONCOLOGY INC,1,921
"NUVIG THERAPEUTICS, INC.",1,922
MGB BIOPHARMA LIMITED,1,923
APPLIED MOLECULAR TRANSPORT INC.,1,924
RATIO THERAPEUTICS INC.,1,925
"ONL THERAPEUTICS, INC.",1,926
"BIOAEGIS THERAPEUTICS, INC.",1,927
TRIPLE HAIR INC,1,928
PHOENICIA BIOSCIENCES INC.,1,929
DR DAVID SPANER,1,930
"IMUNON, INC.",1,931
DR KANECIA ZIMMERMAN,1,932
DIAMEDICA INC,1,933
ADLAI NORTYE USA INC,1,934
VITAE PHARMACEUTICAL INCORPORATED,1,935
"AMERICAN ASSOCIATION FOR CANCER RESEARCH, INC.(AACR)",1,936
SHRINERS HOSPITAL FOR CHILDREN CANADA,1,937
RAFAEL PHARMACEUTICALS INC,1,938
"DR. DI (MARIA) JIANG, UNIVERSITY HEALTH NETWORK",1,939
CATALYST PHARMACEUTICALS INC,1,940
GLOBAL ALZHEIMER'S PLATFORM FOUNDATION,1,941
"IVERIC BIO, INC.",1,942
MEDTRACE PHARMA A/S,1,943
RESTORBIO INC,1,944
"ALDENA THERAPEUTICS (UK), LTD.",1,945
DR VINCENT CHAN,1,946
TRANSITION THERAPEUTICS IRELAND LIMITED,1,947
NOVUS THERAPEUTICS INC,1,948
IMMUNIC AG,1,949
ASAHI KASEI PHARMA AMERICA CORPORATION,1,950
IRONSHORE PHARMACEUTICALS & DEVELOPMENT INC,1,951
GALECTO BIOTECH AB,1,952
MOUNT SINAI MEDICAL CENTER,1,953
ESCALIER BIOSCIENCES B.V.,1,954
AZIENDA SOCIO SANITARIA TERRITORIALE GRANDE OSPEDALE METROPOLITANO NIGUARDA,1,955
DR SUDEEP SHIVAKUMAR,1,956
"KINETA ONE, LLC",1,957
"DR. ISLAM MOHAMED, BC CANCER- KELOWNA",1,958
DR. KARI TIKKINEN,1,959
"CENTRE DE RECHERCHE CERVO, UNIVERSITÉ LAVAL",1,960
AZURA OPHTHALMICS,1,961
SQZ BIOTECHNOLOGIES,1,962
WAVE LIFE SCIENCE LTD,1,963
"CRINETICS PHARMACEUTICALS, INC.",1,964
OCUGEN,1,965
AFIMMUNE LIMITED,1,966
ALBERTA HEALTH SERVICES-TOM BAKER CANCER CENTRE,1,967
HEALTH SCIENCES NORTH RESEARCH INSTITUTE,1,968
"MAYNE PHARMA, LLC",1,969
TRANSGENE SA,1,970
EUROPEAN CARDIOVASCULAR RESEARCH INSTITUTE,1,971
ONCOVIR,1,972
UNITY BIOTECHNOLOGY,1,973
CATALYST PHARMACEUTICALS PARTNERS,1,974
CONSCIOUS MIND CLINIC,1,975
UNIVERSITY OF UTAH,1,976
DR SYLVIA STOCKLER,1,977
PHARMACYCLICS SWITZERLAND GMBH,1,978
DR. VALÉRIE ZAPHIRATOS,1,979
PORTOLA PHARMACEUTICALS INC,1,980
NEWLINK GENETICS,1,981
IGC PHARMA LLC,1,982
MEREO BIOPHARMA 3 LIMITED,1,983
"INDAPTUS THERAPEUTICS, INC.",1,984
VANCOUVER ISLAND HEALTH AUTHORITY,1,985
DR. DARREN R. CHRISTENSEN,1,986
PRAIRIE PLANT SYSTEMS INC,1,987
JINA PHARMACEUTICALS INC,1,988
AURION BIOTECH INC.,1,989
GLAXOSMITHKLINE CONSUMER HEALTHCARE INC,1,990
ANIKA THERAPEUTICS INC,1,991
ASUBIO PHARMACEUTICALS INC.,1,992
LONDON SCHOOL OF HYGIENE AND TROPICAL MEDICINE,1,993
DR. MICHAEL COHEN-WOLKOWIEZ,1,994
GOVERNORS OF THE UNIVERSITY OF CALGARY/DR. BIJOY MENON,1,995
JAZZ PHARMACEUTICALS RESEARCH UK LIMITED,1,996
"SCLERODERMA RESEARCH FOUNDATION, INC.",1,997
OVID THERAPEUTICS INC,1,998
BASIC PHARMA TECHNOLOGIES BV,1,999
UNIVERSITY OF PENNSYLVANIA,1,1000
INTELGENX CORP,1,1001
PAXVAX CORPORATION,1,1002
"CELLECTAR BIOSCIENCES, INC",1,1003
GLENMARK PHARMACEUTICALS LTD,1,1004
"AYALA PHARMACEUTICALS, INC.",1,1005
"REDNVIA CO., LTD.",1,1006
"ATOSSA THERAPEUTICS, INC.",1,1007
"LIGACHEM BIOSCIENCES, INC.",1,1008
"ASTELLAS GENE THERAPIES, INC.",1,1009
SPUR THERAPEUTICS LIMITED,1,1010
"ELION THERAPEUTICS, INC.",1,1011
HIKMA PHARMACEUTICALS USA INC,1,1012
UNIVERSITY OF MICHIGAN INTERNAL MEDICINE-RHEUMATOLOGY,1,1013
INSTITUTE FOR RESPIRATORY HEALTH INCORPORATED,1,1014
"BOLD THERAPEUTICS, INC.",1,1015
"TARGETED THERAPY TECHNOLOGIES, LLC",1,1016
ANERGIS S.A.,1,1017
"DESIGN THERAPEUTICS, INC.",1,1018
"LEXEO THERAPEUTICS, INC.",1,1019
DR. AMIT OZA,1,1020
"ALTRUBIO, INC",1,1021
ICAHN SCHOOL OF MEDICINE AT MOUNT SINAI,1,1022
"PELAGE PHARMACEUTICALS, INC.",1,1023
SUBLIMITY THERAPEUTICS (HOLD CO.) LTD.,1,1024
DR RICHARD WARREN,1,1025
ROMARK LABORATORIES L.C.,1,1026
"ACLARIS THERAPEUTICS, INC.",1,1027
ENLIVEN THERAPEUTICS INC.,1,1028
SUN PHARMA ADVANCED RESEARCH COMPANY LTD.,1,1029
"CHILDREN'S HEALTHCARE OF ATLANTA, INC",1,1030
"PROTARA THERAPEUTICS, INC",1,1031
THEOLYTICS LTD.,1,1032
ADVAXIS IMMUNOTHERAPIES,1,1033
"ADISO THERAPEUTICS, INC.",1,1034
RHIZEN PHARMACEUTICALS SA,1,1035
REGENERA PHARMA LTD.,1,1036
ARRAYUS TECHNOLOGIES INC.,1,1037
DR DENIS O'DONNELL,1,1038
GRACE THERAPEUTICS INC,1,1039
X4 PHARMACEUTICALS INCORPORATED,1,1040
"E. MARC JOLICOEUR, MD",1,1041
"LIQUIDIA TECHNOLOGIES, INC.",1,1042
DR. NADINE SHEHATA,1,1043
DR. DANIEL BLUMBERGER,1,1044
ANGITIA INCORPORATED LIMITED,1,1045
"HUYABIO INTERNATIONAL, LLC",1,1046
"9 METERS BIOPHARMA, INC.",1,1047
AMAG PHARMACEUTICALS INC,1,1048
DR BENICIO FREY,1,1049
SUMMIT CORPORATION PLC,1,1050
ALLIANCE FOR CLINICAL TRIALS IN ONCOLOGY,1,1051
NATIONAL MARROW DONOR PROGRAM,1,1052
DR MICHEL WHITE,1,1053
"CALIWAY BIOPHARMACEUTICALS CO., LTD.",1,1054
NOUSCOM S.R.L.,1,1055
"K-GROUP BETA, INC.",1,1056
DYNAVAX TECHNOLOGIES CORPORATION,1,1057
"INHIBIKASE THERAPEUTICS, INC.",1,1058
ERASMUS MC UNIVERSITY MEDICAL CENTER,1,1059
"PULMOVANT, INC.",1,1060
"ONCXERNA THERAPEUTICS, INC",1,1061
TUBULIS GMBH,1,1062
ONCOZYME PHARMA INC,1,1063
T.O.A.D. ONCOLOGY SA,1,1064
GENZYME CANADA INC,1,1065
BIOVENTUS LLC,1,1066
FORWARD PHARMA GMBH,1,1067
"ANKYRA THERAPEUTICS, INC.",1,1068
"NAVIGATOR MEDICINES, INC.",1,1069
RGENTA THERAPEUTICS INC.,1,1070
ARAGON PHARMACEUTICALS,1,1071
NEURACLE GENETICS INC.,1,1072
NOVARTIS VACCINE AND DIAGNOSTICS AG,1,1073
PRAIRIE MOUNTAIN HEALTH,1,1074
PAION UK LIMITED,1,1075
PALISADE BIO,1,1076
"OCELOT BIO, INC.",1,1077
ZYMEWORKS BC INC.,1,1078
VERONA PHARMA PLC,1,1079
CLINIQUE DE RETINE DE L¿EST,1,1080
GALECTIN THERAPEUTICS INC,1,1081
PHARMING TECHNOLOGIES BV,1,1082
COYA THERAPEUTICS,1,1083
VIATRIS INNOVATION GMBH,1,1084
ENDEVICA BIO,1,1085
THERATECHNOLOGIES INC,1,1086
"ABBISKO THERAPEUTICS CO., LTD",1,1087
ACTUATE THERAPEUTICS INC.,1,1088
LABORATORIOS SALVAT S A,1,1089
DR SARAH FERGUSON,1,1090
DR. CORINA VELEHORSCHI,1,1091
SYMBIO PHARMACEUTICALS LTD,1,1092
NEUROSENSE THERAPEUTICS,1,1093
MYLAN PHARMA UK LTD,1,1094
VADERIS THERAPEUTICS AG,1,1095
MINNEAPOLIS MEDICAL RESEARCH FOUNDATION,1,1096
EXSCIENTIA AI LTD,1,1097
"VASOMUNE THERAPEUTICS, INC.",1,1098
HINOVA PHARMACEUTICALS INC,1,1099
"ONCOMED PHARMACEUTICALS, INC",1,1100
DR. ANDRIY V. SAMOKHVALOV,1,1101
CYCLERION THERAPEUTICS INC,1,1102
ENGAGE THERAPEUTICS INC,1,1103
PACIFIC PEDIATRIC NEURO-ONCOLOGY CONSORTIUM,1,1104
"ATTOVIA THERAPEUTICS, INC.",1,1105
SPECTRACURE AB,1,1106
NERRE THERAPEUTICS LTD,1,1107
CAPRICOR INC,1,1108
"HERON THERAPEUTICS, INC.",1,1109
IBSA INSTITUT BIOCHIMIQUE SA,1,1110
UNIVERSITY OF MINNESOTA MEDICAL SCHOOL,1,1111
TELIX INTERNATIONAL  PTY LTD.,1,1112
"IMMATICS US, INC.",1,1113
CARMOT THERAPEUTICS INC.,1,1114
"VOYAGER THERAPEUTICS, INC.",1,1115
INDIVIOR INC,1,1116
"NGM BIOPHARMACEUTICALS, INC.",1,1117
PROKIDNEY,1,1118
TIGENIX S.A.U.,1,1119
ZAMBON SPA,1,1120
BIOTA SCIENTIFIC MANAGEMENT PTY LTD,1,1121
AMSRF RESEARCH INC,1,1122
"NOCION THERAPEUTICS, INC",1,1123
MATRIZYME PHARMA CORPORATION,1,1124
ESSA PHARMA INC.,1,1125
PHARMA TWO B LTD,1,1126
EXCIVA GMBH,1,1127
"POLARIS PHARMACEUTICALS, INC. (A SUBSIDIARY OF POLARIS GROUP)",1,1128
UNIVERSITY OF NORTH CAROLINA,1,1129
UNIVERSITY HEALTH NETWORK AJMERA TRANSPLANT CENTRE,1,1130
DR ALICE WEI,1,1131
DR. IAN DE BOER,1,1132
"ARUVANT SCIENCES, GMBH",1,1133
"CELCUITY, INC",1,1134
"OCELLARIS PHARMA, INC.",1,1135
DR. MARSHA CAMPBELL-YEO,1,1136
"ARTHEX BIOTECH, S.L.",1,1137
"AMBRX, INC.",1,1138
TOKAI PHARMACEUTICALS INC,1,1139
NUVO RESEARCH INC,1,1140
NORTHERN BIOLOGICS,1,1141
BAYER AG,1,1142
SYQE MEDICAL LTD,1,1143
WATSON LABORATORIES INC,1,1144
VASCULAR BIOGENICS LTD,1,1145
ORBUS THERAPEUTICS INC,1,1146
AOSPINE NORTH AMERICA,1,1147
SCHRODINGER INC,1,1148
S T A R T CLINIC FOR MOOD & ANXIETY DISORDERS,1,1149
TIMI STUDY GROUP,1,1150
ASAHI KASEI PHARMA CORPORATION,1,1151
BIOTEST AG,1,1152
LEK PHARMACEUTICALS D D,1,1153
MONOSOL RX LLC,1,1154
THE MICHAEL J FOX FOUNDATION FOR PARKINSON'S RESEARCH,1,1155
CHIASMA INC,1,1156
"BIAL R&D INVESTMENTS, S.A.",1,1157
EASTERN HEALTH REGIONAL HEALTH AUTHORITY,1,1158
CONCORDIA LABORATORIES INC,1,1159
MEDIPROBE RESEARCH INC,1,1160
AARDVARK THERAPEUTICS INC,1,1161
VANCOUVER COASTAL HEALTH-COMMUNITY,1,1162
DR. LOUIS-PHILIPPE BOULET,1,1163
SHAANXI MICOT TECHNOLOGY CO. LTD,1,1164
DR. STEPHEN LOWNIE,1,1165
"HUNTER STROKE SERVICE, HUNTER NEW ENGLAND LOCAL HEALTH DISTRICT",1,1166
CEMPRA PHARMACEUTICALS INC,1,1167
"CLENE NANOMEDICINE, INC",1,1168
PHARMAPLANTER TECHNOLOGIES INC.,1,1169
ALLERGOPHARMA GMBH AND CO.KG,1,1170
CALCILYTIX THERAPEUTICS INC,1,1171
KAZM PHARMACEUTICALS,1,1172
TESSA THERAPEUTICS,1,1173
GLYCOMIMETICS INC,1,1174
"ADARE DEVELOPMENT I, LP",1,1175
MEREO BIOPHARMA 4 LTD,1,1176
"PALLADIO BIOSCIENCES, INC.",1,1177
VARMX B.V.,1,1178
DR. RUDOLF UHER,1,1179
IMPRIMIS PHARMACEUTICALS INC,1,1180
"PRIME MEDICINE, INC.",1,1181
GENKYOTEX SA,1,1182
ISCHEMIX LLC,1,1183
FULCRUM THERAPEUTICS,1,1184
"AZTHERAPIES, INC",1,1185
LABORATOIRES NUTRITION ET CARDIOMÉTABOLISME,1,1186
UNIVERSITY COLLEGE DUBLIN,1,1187
NOVADAQ TECHNOLOGIES INC,1,1188
"APPLIED THERAPEUTICS, INC.",1,1189
BRISTOL-MYERS SQUIBB COMPANY,1,1190
DR ANTHONY V D'AMICO,1,1191
PROMETHEUS LABORATORIES INCORPORATED USA,1,1192
SYNOX THERAPEUTICS LTD,1,1193
IDENIX PHARMACEUTICALS INC,1,1194
REGINA QU'APPELLE HEALTH REGION,1,1195
"SPYRE THERAPEUTICS, INC.",1,1196
"ARTIVA BIOTHERAPEUTICS, INC",1,1197
IMMUTEP S.A.S.,1,1198
VANCOUVER ID RESEARCH & CARE CENTRE SOCIETY,1,1199
INTENSITY THERAPEUTICS,1,1200
MAYO CLINIC CANCER CENTER,1,1201
RADIUS HEALTH INC,1,1202
UNIVERSITY MEDICAL CENTER UTRECHT,1,1203
SHIRE-NPS PHARMACEUTICALS INC.,1,1204
IRCM  INSTITUT DE RECHERCHES CLINIQUES DE MONTREAL,1,1205
DR FRANÇOIS MADORE,1,1206
"MAREA THERAPEUTICS, INC.",1,1207
OHB NEONATOLOGY LTD,1,1208
NORTHSEA THERAPEUTICS B.V.,1,1209
KANYOS BIO INC. (A WHOLLY OWNED SUBSIDIARY OF ANOKION S.A.),1,1210
DR. SARA KURUVILLA,1,1211
KINGSTON GENERAL HOSPITAL,1,1212
"MIRADOR THERAPEUTICS, INC.",1,1213
DR ANDREW BAKER,1,1214
ACERUS PHARMACEUTICALS CORPORATION,1,1215
CELLTRION INC,1,1216
DR DENNIS JENSEN,1,1217
TRIO FERTILITY INC,1,1218
"MILTENYI BIOMEDICINE, GMBH",1,1219
EVOMMUNE INC,1,1220
ALEXION PHARMA INTERNATIONAL SARL,1,1221
CENTRE INTEGRE UNIVERSITAIRE DE SANTE ET DE SERVICES SOCIAUX DE L'ESTRIE,1,1222
DR SARAH HALES,1,1223
DR PIERRE DUQUETTE,1,1224
MEMORIAL UNIVERSITY,1,1225
DR PAUL SANDOR,1,1226
DR. KEVIN PEHR,1,1227
ASTRAZENECA,1,1228
GRIGORY KARIM. DR. G KARMY MEDICINE PROFESSIONAL CORPORATION,1,1229
"THE REGENTS OF THE UNIVERSITY OF CALIFORNIA, SAN FRANCISCO",1,1230
GLAUKOS CORPORATION,1,1231
HELSINN HEALTHCARE SA,1,1232
DR ARTUELA CAKU,1,1233
BRICKELL BIOTECH INC,1,1234
BIOREST LTD,1,1235
FRASER HEALTH AUTHORITY,1,1236
NOVO NORDISK AS,1,1237
ZS PHARMA INC,1,1238
MOOD AND ANXIETY DISORDERS INC,1,1239
PETER MERKEL,1,1240
"INSTIL BIO, INC.",1,1241
"ONCORUS,  INC",1,1242
DR BEVERLY CATHARINE CRAVEN,1,1243
NOVIMMUNE S.A.,1,1244
"ATAI THERAPEUTICS, INC.",1,1245
ASMACURE LTEE,1,1246
"BIRD ROCK BIO, INC",1,1247
COLUMBIA UNIVERSITY,1,1248
"CELECOR THERAPEUTICS, INC.",1,1249
"OPSIDIO, LLC",1,1250
NEOMED INSTITUTE,1,1251
DR. MANUEL MONTERO-ODASSO,1,1252
CTI BIOPHARMA CORP,1,1253
"DR. ARUZ MESCI, UNIVERSITY HEALTH NETWORK",1,1254
UNIVERSITY OF IOWA,1,1255
INMUNOTEK S.L.,1,1256
CENTUS BIOTHERAPEUTICS LIMITED,1,1257
GLYPHARMA THERAPEUTIC INC,1,1258
TRANSLATIONAL ONCOLOGY RESEARCH INTERNATIONAL TORI INC,1,1259
"HYBRIDYNE IMAGING TECHNOLOGIES, INC",1,1260
"ARVINAS ANDROGEN RECEPTOR, INC.",1,1261
OPTINA DIAGNOSTICS,1,1262
"NOVOME BIOTECHNOLOGIES, INC.",1,1263
INO THERAPEUTICS,1,1264
"LYELL IMMUNOPHARMA, INC",1,1265
STEMREGEN THERAPEUTICS INC0,1,1266
APEX LABS LTD,1,1267
UNIVERSITY OF NEW BRUNSWICK,1,1268
APTOSE BIOSCIENCES INC,1,1269
DR. LISA BARRETT,1,1270
"ADVANCED ACCELERATOR APPLICATIONS, A NOVARTIS COMPANY",1,1271
NUCANA PLC,1,1272
DR RYAN FLANNIGAN,1,1273
THIRD ARC BIO,1,1274
"ARO BIOTHERAPEUTICS, INC.",1,1275
NEXT CONSORTIUM,1,1276
ORCA THERAPEUTICS B.V.,1,1277
UCB BIOSCIENCES INC,1,1278
DR VIDUR SHYAM,1,1279
INSTITUTE OF COSMETIC & LASER SURGERY,1,1280
"AASTROM BIOSCIENCES, INC.",1,1281
DR. VLADIMIR DZAVIK,1,1282
IXALTIS,1,1283
ITEOS BELGIUM SA,1,1284
HUMAN GENOME SCIENCES INC,1,1285
THROMBOGENICS NV,1,1286
"BEYOND AIR, INC.",1,1287
JEROME STEVENS PHARMACEUTICALS INC.,1,1288
NEUROTRIALS LLC,1,1289
"PROJENX, INC.",1,1290
DR MANDAR JOG,1,1291
DR. SUNITA K.S. SINGH,1,1292
BC CANCER,1,1293
DR. THOMAS WARKUS,1,1294
ESPERAS PHARMA INC,1,1295
AEON BIOPHARMA INC.,1,1296
OPELLA HEALTHCARE GROUP SAS,1,1297
K36 THERAPEUTICS INC.,1,1298
"VIVIDION THERAPEUTICS, INC.",1,1299
"PHARMAMATRIX HOLDING, LTD.",1,1300
"PANAFINA, INC.",1,1301
SEQIRUS UK LIMITED,1,1302
"MARENGO THERAPEUTICS, INC.",1,1303
DR PAVANI CHALASANI,1,1304
MERZ PHARMA CANADA LTD,1,1305
FIRST STRING RESEARCH INC,1,1306
"CHEMO RESEARCH, S.L.",1,1307
PRCL RESEARCH INC,1,1308
"PIKAVATION THERAPEUTICS, INC.",1,1309
DR ELIZABETH TULLIS,1,1310
THE ROYAL'S INSTITUTE OF MENTAL RESEARCH,1,1311
DERMA SCIENCES CANADA INC.,1,1312
"DYNE THERAPEUTICS, INC",1,1313
DR YOO-JOUNG KO,1,1314
SUVEN LIFE SCIENCES LIMITED,1,1315
"INCARDA THERAPEUTICS, INC.",1,1316
ARTHOGEN B.V,1,1317
DUKE CLINICAL RESEARCH INSTITUTE,1,1318
"INTERHEALTH NUTRACEUTICALS, INC.",1,1319
"RECURSION PHARMACEUTICALS, INC.",1,1320
"23ANDME, INC.",1,1321
4MOVINGBIOTECH,1,1322
DR. PETER COUROUX,1,1323
ABRAHAM NUNES,1,1324
DR BLAYNE WELK,1,1325
"REPLIMUNE, INC.",1,1326
THE MONTREAL FERTILITY CENTER,1,1327
LUNDQUIST INSTITUTE FOR BIOMEDICAL INNOVATION AT HARBOR-UCLA MEDICAL CENTER,1,1328
ASPEN GLOBAL INCORPORATED,1,1329
VAXESS TECHNOLOGIES,1,1330
THE UNIVERSITY OF BRITISH COLUMBIA & BC CHILDREN'S HOSPITAL RESEARCH INSTITUTE,1,1331
DR KENNETH MADDEN,1,1332
DR. ERIC S. TAM,1,1333
JANSSEN SCIENCES IRELAND UC,1,1334
SASKATOON HEALTH REGION (ROYAL UNIVERSITY HOSPITAL),1,1335
DR ASIM CHEEMA,1,1336
DR MICHAEL DOMANSKI,1,1337
TIMBER PHARMACEUTICALS INC,1,1338
MOFFITT CANCER CENTER,1,1339
NEOMORPH INC.,1,1340
JANSSEN VACCINES & PREVENTION B.V.,1,1341
DR STEPHANE PELET,1,1342
THE GEORGE INSTITUTE FOR GLOBAL HEALTH,1,1343
ABCELLERA BIOLOGICS INC,1,1344
"ELLODI PHARMACEUTICALS, LP",1,1345
IMMUNIMED. INC,1,1346
DR. JAMES KIM,1,1347
DUCHESNAY INC,1,1348
BC CHILDRENS HOSPITAL,1,1349
PROVIDENCE THERAPEUTICS HOLDINGS INC,1,1350
"KENTUCKY BIOPROCESSING, INC.",1,1351
"LANTERN PHARMA, INC.",1,1352
DR JEAN-LUC ARDILOUZE,1,1353
STEPHEN PASTERNAK,1,1354
"SURROZEN OPERATING, INC.",1,1355
DR CYNTHIA CALKIN,1,1356
NMD PHARMA A/S,1,1357
CERENIS THERAPEUTICS SA,1,1358
DR GELAREH ZADEH,1,1359
MURDOCH CHILDREN'S RESEARCH INSTITUTE,1,1360
CANFITE BIOPHARMA LIMITED,1,1361
DERMAVANT SCIENCES LTD,1,1362
HOUSTON METHODIST RESEARCH INSTITUTE,1,1363
SBI ALAPHARMA CANADA INC.,1,1364
NEUREN PHARMACEUTICALS LTD.,1,1365
MESOBLAST INC,1,1366
DR. RAJEEV MUNI,1,1367
BE BIOPHARMA,1,1368
DR. POUYA AZAR,1,1369
DR CHRISTIAN SCHUTZ,1,1370
VANCOUVER LASER & SKIN ARE CENTRE,1,1371
REISTONE BIOPHARMA COMPANY LIMITED,1,1372
"FLAME BIOSCIENCES, INC.",1,1373
YELLOW JERSEY THERAPEUTICS AG,1,1374
"TAIHO PHARMA CANADA, INC.",1,1375
"ASKLEPIOS BIOPHARMACEUTICAL, INC.",1,1376
CHELSEA THERAPEUTICS INC,1,1377
"MAVRIX BIO, LLC",1,1378
DR. SERGIO PEREIRA,1,1379
DR RICHARD MALTHANER,1,1380
NEWRON PHARMACEUTICALS S.P.A.,1,1381
FORE BIOTHERAPEUTICS U.S. INC,1,1382
"HALOZYME, INC",1,1383
AFFERENT PHARMACEUTICALS INC,1,1384
"ONCOC4, INC.",1,1385
GRIFOLS BIOLOGICALS INC,1,1386
"CORXEL PHARMACEUTICALS, CO, LTD",1,1387
MONTREAL GENERAL HOSPITAL,1,1388
DR PRADEEPA YOGANATHAN,1,1389
CAN-FITE BIOPHARMA LTD,1,1390
"AGOMAB SPAIN, S.L.",1,1391
TRIPHASE RESEARCH AND DEVELOPMENT III CORP,1,1392
GENKYOTEX INNOVATION SAS,1,1393
UNIVERSITY OF ROCHESTER,1,1394
XBIOTECH USA INC,1,1395
INTERMUNE CANADA INC,1,1396
JOHAN VAN LIMBERGEN,1,1397
"THE UNIVERSITY OF EDINBURGH & LOTHIAN HEALTH BOARD, ACCORD",1,1398
BREPCO BIOPHARMA LIMITED,1,1399
PSYCHEDELIC RESEARCH CONSULTANTS INC.,1,1400
TRILLIUM THERAPEUTICS INC.,1,1401
BARBARA ANN KARMANOS CANCER INSTITUTE,1,1402
MEDITI PHARMA INC,1,1403
DR JONATHAN GAMBLE,1,1404
ALBERTA CHILDRENS HOSPITAL,1,1405
DR. MONA LOUTFY,1,1406
ESSA PHARMACEUTICALS CORP,1,1407
FREELINE THERAPEUTICS LIMITED,1,1408
AETERNA ZENTARIS GMBH,1,1409
PACYLEX PHARMACEUTICALS INC.,1,1410
AVADEL CNS PHARMACEUTICALS,1,1411
GORDON SUSSMAN CLINICAL RESEARCH INC,1,1412
JOUNCE THERAPEUTICS INC,1,1413
APOLLOMICS INC.,1,1414
ROYAL UNIVERSITY HOSPITAL,1,1415
CENTRE INTÉGRÉ UNIVERSITAIRE DE SANTÉ ET DE SERVICES SOCIAUX DE L'EST-DE-L'ILE-D,1,1416
CHILDREN'S RESEARCH INSTITUTE,1,1417
SOPHIRIS BIO CORP.,1,1418
CROMA-PHARMA,1,1419
"OPNA-IO, LLC",1,1420
DR MICHEL PRUDHOMME,1,1421
DR. JASON RIVERS,1,1422
"HOMOLOGY MEDICINES, INC.",1,1423
ESTETRA SRL,1,1424
CELL TECHNOLOGIES INC.,1,1425
INVENTVACC BIOLOGICS INC.,1,1426
SANDOZ CANADA INCORPORATED,1,1427
LAHEY HOSPITAL AND MEDICAL CENTER,1,1428
BAXTER INNOVATIONS GMBH,1,1429
WEILL MEDICAL COLLEGE OF CORNELL UNIVERSITY,1,1430
HORIZON PHARMA IRELAND LTD,1,1431
CRUCELL HOLLAND B.V.,1,1432
"BELHAVEN BIOPHARMA, INC.",1,1433
STARPHARMA PTY LTD,1,1434
DR. PETER BLACK,1,1435
ALFASIGMA S.P.A,1,1436
COSMO TECHNOLOGIES LTD,1,1437
"DR. MARC DE PERROT, UNIVERSITY HEALTH NETWORK",1,1438
RALEXAR THERAPEUTICS INC,1,1439
ALLENA PHARMACEUTICALS INC,1,1440
SAULT AREA HOSPITAL,1,1441
DR HAIM ARIE ABENHAIM,1,1442
AFYX THERAPEUTICS A/S,1,1443
"MARIUS PHARMACEUTICALS, LLC",1,1444
"AKESO BIOPHARMA CO., LTD",1,1445
DR. ANA MIRIAM VELLY,1,1446
SOV THERAPEUTICS INC,1,1447
MEMORIAL UNIVERSITY OF NEWFOUNDLAND,1,1448
NITRIC SOLUTIONS INC,1,1449
"MYCOVIA PHARMACEUTICALS, INC.",1,1450
REVIRAL LTD.,1,1451
GUERBET,1,1452
SALSPERA LLP,1,1453
DR PHILIPPA HAWLEY,1,1454
"KRONOS BIO, INC.",1,1455
UPTOWN EYE SPECIALISTS,1,1456
GLOBAL COALITION FOR ADAPTIVE RESEARCH,1,1457
NOVOCURE GMBH,1,1458
MICHAEL GARRON HOSPITAL,1,1459
"DAVID KING BSC. MD, FRCPC",1,1460
"BEIJING AVISTONE BIOTECHNOLOGY CO., LTD.",1,1461
DR MATTHIEU PELLETIER-GALARNEAU,1,1462
DR. DAVID N. GINTHER,1,1463
SILLAJEN INCORPORATED,1,1464
AOBIOME LLC,1,1465
DR BRUNO GAGNON,1,1466
ABBVIE STEMCENTRX LLC,1,1467
NICHOLAS JAMES AINSWORTH,1,1468
"MITSUBISHI TANABE PHARMACEUTICAL AMERICA, INC",1,1469
EMERGENT BIOSOLUTIONS CANADA INC,1,1470
WINNIPEG REGIONAL HEALTH AUTHORITY,1,1471
THRASOS INNOVATION INC,1,1472
ONCOBIOLOGICS INC,1,1473
"GB005, INC.",1,1474
"4D MOLECULAR THERAPEUTICS, INC.",1,1475
UNIVERSITY OF CALGARY - ALBERTA CHILDRENS HOSPITAL,1,1476
GATHERING RESILIENCE GROUPS INCORPORATED,1,1477
"LISATA THERAPEUTICS, INC.",1,1478
ST MARY¿S RESEARCH CENTRE,1,1479
DR SHANNON MARIO FERNANDO,1,1480
TORONTO CENTRE FOR ADVANCED REPRODUCTIVE TECHNOLOGY,1,1481
TEVA BRANDED PHARMACEUTICAL PRODUCTS R&D LLC,1,1482
ZOMAGEN BIOSCIENCES LTD.,1,1483
"FARADAY PHARMACEUTICALS, INC.",1,1484
EVME,1,1485
"BASKING BIOSCIENCES, INC",1,1486
"FORTVITA BIOLOGICS (USA), INC.",1,1487
BLUE ROCK THERAPEUTICS,1,1488
"XCOVERY HOLDINGS, INC",1,1489
MEDICA SCIENTIA INNOVATION RESEARCH,1,1490
PRECIRIX NV,1,1491
PIERRE FABRE MEDICAMENT,1,1492
ANTIBIOTX A/S,1,1493
"SENHWA BIOSCIENCES, INC.",1,1494
F2G LTD.,1,1495
BC CHILDREN¿S HOSPITAL HEART CENTRE,1,1496
"GLENN BAUMAN, LAWSON HEALTH RESEARCH INSTITUTE",1,1497
ISOFOL MEDICAL AB,1,1498
THERALASE TECHNOLOGIES INC,1,1499
REILEY PHARMACEUTICALS INC,1,1500
TORONTO WESTERN HOSPITAL - MOVEMENT DISORDERS CENTER,1,1501
VICORE PHARMA AB,1,1502
DR. SARAH A MORROW,1,1503
MASSACHUSETTS GENERAL HOSPITAL,1,1504
SANGAMO THERAPEUTICS,1,1505
NEUROGENE INC.,1,1506
"JOHNSON & JOHNSON CONSUMER INC., MCNEIL CONSUMER HEALTHCARE DIVISION",1,1507
VACCINEX INC.,1,1508
"SPLISENSE, LTD",1,1509
"DR. GREGORY CHRISTOPHER KNAPP, QE II HEALTH SCIENCES CENTRE, NOVA SCOTIA HEALTH",1,1510
DR JIM CHRISTENSON,1,1511
PROQR THERAPEUTICS III B.V.,1,1512
DR. AZIZ QAZI,1,1513
HIGHTIDE BIOPHARMA PROPRIETARY LIMITED,1,1514
TETRAPHASE PHARMACEUTICALS INC,1,1515
DR. MARC TEWFIK,1,1516
DR. HASSAN RAZVI,1,1517
CLEAVE BIOSCIENCES,1,1518
CANSINO BIOLOGICS INC.,1,1519
"GREEN VALLEY (SHANGHAI) PHARMACEUTICALS CO., LTD",1,1520
SELLAS LIFE SCIENCES GROUP INC,1,1521
AICURIS ANTI-INFECTIVE CURES AG,1,1522
"LARIMAR THERAPEUTICS, INC.",1,1523
MOLECULAR TEMPLATES,1,1524
CITRYLL BV,1,1525
"NIMBUS WADJET, INC.",1,1526
DR JOHN KIRBY,1,1527
CYTRX CORPORATION,1,1528
16506607 CANADA INC,1,1529
TILRAY CANADA LTD,1,1530
OXTHERA INTELLECTUAL PROPERTY AB,1,1531
"KAKEN PHARMACEUTICAL CO., LTD.",1,1532
ALEXION PHARMA GMBH,1,1533
EAGLE PHARMACEUTICALS INC,1,1534
AURICULA BIOSCIENCES INC,1,1535
AEGERION PHARMACEUTICALS INC,1,1536
"PROTEON THERAPEUTICS, INC",1,1537
ALIXER NEXGEN THERAPEUTICS LTD,1,1538
CENTRE HOSPITALIER DE LUNIVERSITÉ LAVAL,1,1539
ARAMIS BIOTECHNOLOGIES,1,1540
HYLORIS DEVELOPMENTS SA,1,1541
ELEVATION ONCOLOGY INC.,1,1542
UNIVERSITY OF QUEENSLAND,1,1543
SPRINGWORKS THERAPEUTICS,1,1544
"ASPA THERAPEUTICS, INC, A SUBSIDIARY OF BRIDGEBIO PHARMA",1,1545
PRILENIA NEUROTHERAPEUTICS LTD.,1,1546
CHENGDU KANGHONG BIOTECHNOLOGY CO. LTD.,1,1547
MACANXIETY RESEARCH CENTRE,1,1548
"ZYNERBA PHARMACEUTICALS, INC",1,1549
ST JOSEPHS HEALTH CARE PARKWOOD SITE,1,1550
DR. KAZUHIRO YASUFUKU,1,1551
AM-PHARMA B.V.,1,1552
DR. ELISA BRIETZKE,1,1553
EMPOWER RESEARCH INC.,1,1554
RECRO PHARMA INC,1,1555
"ROYAL JUBILEE HOSPITAL, VANCOUVER ISLAND HEALTH AUTHORITY",1,1556
PARTNER THERAPEUTICS,1,1557
TRIUMVIRA IMMUNOLOGICS INC,1,1558
DR MAGDY SELIM,1,1559
NEURIM PHARMACEUTICALS (1991) LTD,1,1560
SCICLONE PHARMACEUTICALS INC,1,1561
DR. CARL A. LASKIN,1,1562
INIMMUNE CORPORATION,1,1563
CANADIAN UROLOGY RESEARCH CONSORTIUM,1,1564
"KARDIGAN, INC.",1,1565
DR. HAL SIDEN,1,1566
BIOLINERX LTD,1,1567
ANTHONY CHAU,1,1568
ALGERNON PHARMACEUTICALS INCORPORATED,1,1569
ALMIRALL S.A.,1,1570
BANTAM PHARMACEUTICALS,1,1571
"DR. MARCUS BUTLER, UNIVERSITY HEALTH NETWORK ¿ PRINCESS MARGARET CANCER CENTRE",1,1572
INTARCIA THERAPEUTICS INC,1,1573
TORONTO REHABILITATION INSTITUTE,1,1574
UNIVERSITÉ LAVAL,1,1575
ONCOVERITY INC,1,1576
"HARMONY BIOSCIENCES MANAGEMENT, INC.",1,1577
OPHTHOTECH CORPORATION,1,1578
ABBVIE BIOTHERAPEUTICS INC,1,1579
"TRIVENI BIO, INC.",1,1580
"ARVINAS OPERATIONS, INC.",1,1581
"ARCTURUS THERAPEUTICS, INC.",1,1582
SAINT-LOUIS UNIVERSITY,1,1583
ECOGENE-21,1,1584
DR. AHMAD HAIDAR,1,1585
"TREFOIL THERAPEUTICS, INC.",1,1586
"WINSANTOR, INC",1,1587
DR. DAVID BARBIC,1,1588
OCERA THERAPEUTICS INC,1,1589
RESEARCH ST. JOSEPH'S - HAMILTON,1,1590
DAR CLINICAL RESEARCH INC,1,1591
MEDIAR THERAPEUTICS,1,1592
IKSUDA THERAPEUTICS LIMITED,1,1593
"ACTINIUM PHARMACEUTICALS, INC",1,1594
THERAPURE BIOPHARMA INC.,1,1595
HISTOGENICS CORP,1,1596
ENTOS PHARMACEUTICALS,1,1597
SIDERIS PHARMACEUTICALS INC,1,1598
AURORA CANNABIS ENTERPRISES INC,1,1599
TARIS BIOMEDICAL INC,1,1600
ALFRED HEALTH,1,1601
DR JOHANNES A (BERTUS) EKSTEEN,1,1602
VOR BIOPHARMA,1,1603
DR. ARLENE STECENKO,1,1604
ONCOSEC MEDICAL INCORPORATED,1,1605
DR. ALI IMRAN,1,1606
"NKGEN BIOTECH, INC.",1,1607
KBP BIOSCIENCES PTE. LTD.,1,1608
ILKOS THERAPEUTICS INC,1,1609
DR. TOM APPLETON - WESTERN UNIVERSITY,1,1610
VERITY PHARMACEUTICALS INC,1,1611
ASTELLAS PHARMA CANADA INC,1,1612
PROQR THERAPEUTICS,1,1613
CAMURUS AB,1,1614
INSYS DEVELOPMENT COMPANY INC,1,1615
ALIOS BIOPHARMA,1,1616
"AVALO THERAPEUTICS, INC.",1,1617
"BLOSSOM HILL THERAPEUTICS, INC",1,1618
"ARAVIVE, INC.",1,1619
GENOVA INC.,1,1620
"ALIGOS THERAPEUTICS, INC.",1,1621
KEDRION S.P.A.,1,1622
"AROG PHARMACEUTICALS, INC",1,1623
PHOILEX LTD.,1,1624
BIOGEN IDEC INC,1,1625
"KINIKSA PHARMACEUTICALS, GMBH",1,1626
TILLOTTS PHARMA AG,1,1627
"BIOHAVEN PHARMACEUTICALS, INC.",1,1628
RAIN THERAPEUTICS INC,1,1629
IMMUNABS INC.,1,1630
LIDDS AB,1,1631
PEDIATRIC CANCER IMMUNOTHERAPY TRIALS NETWORK,1,1632
"SERENITY PHARMACEUTICALS, LLC",1,1633
NEURALTUS PHARMACEUTICALS INC,1,1634
DR SOHAM REJ,1,1635
NOVADAQ TECHNOLOGIES ULC,1,1636
"TRAVERE THERAPEUTICS, INC.",1,1637
MCGILL UNIVERSITY HEALTH CENTRE RESEARCH INSTITUTE,1,1638
GLWL RESEARCH INC,1,1639
STEALTH BIOTHERAPEUTICS INC,1,1640
PARION SCIENCES INCORPORATED,1,1641
EFFECTOR THERAPEUTICS INC,1,1642
"CERIUM PHARMACEUTICALS, INC.",1,1643
HALUCENEX LIFE SCIENCES INC,1,1644
GRANT PAGDIN,1,1645
BUZZZ PHARMACEUTICALS LIMITED,1,1646
LG CHEM LTD,1,1647
ELDON LOH,1,1648
"SCHOLAR ROCK, INC",1,1649
LEVO THERAPEUTICS INC,1,1650
ALVINE PHARMACEUTICALS INC,1,1651
"AGENEBIO, INC",1,1652
LA JOLLA PHARMACEUTICAL CO,1,1653
UNIVERSITY OF SOUTH FLORIDA,1,1654
DR MICHAEL VAN AMERINGEN,1,1655
INDEX PHARMACEUTICALS,1,1656
PHARMAAND GMBH,1,1657
"CHINOOK THERAPEUTICS U.S., INC.",1,1658
DR CHRISTOPHER ALMOND,1,1659
ARCA BIOPHARMA INC,1,1660
"BIOCARDIA, INC.",1,1661
DR. EBERHARD RENNER,1,1662
DR. ROBERT THOMAS JAGOE,1,1663
ANJI PHARMA (US) LLC,1,1664
ZYDUS THERAPEUTICS INC.,1,1665
"AURA BIOSCIENCES, INC.",1,1666
RESPIVANT SCIENCES GMBH,1,1667
"TELIOS PHARMA, INC.",1,1668
KINGSWAY ORAL AND MAXILLOFACIAL SURGERY,1,1669
DR AHTSHAM U NIAZI,1,1670
ACROTECH BIOPHARMA INC.,1,1671
AXIKIN PHARMACEUTICALS INC,1,1672
WWIKY BIOSCIENCES INC.,1,1673
BIOGEN INC,1,1674
DR ROBERT F CASPER,1,1675
RED MAPLE TRIALS INC,1,1676
DR BELINA CARRANZA MAMANE,1,1677
TREVENA INC,1,1678
IMMUNOCELLULAR THERAPEUTICS LTD,1,1679
"SATELLOS BIOSCIENCE, INC.",1,1680
"GALMED RESEARCH AND DEVELOPMENT, LTD.",1,1681
"KYOWA KIRIN, INC.",1,1682
"MONTE ROSA THERAPEUTICS, INC",1,1683
DUALITYBIO INC,1,1684
NEOLEUKIN THERAPEUTICS INC.,1,1685
"TELAVANT, INC.",1,1686
SUMITOMO PHARMA SWITZERLAND GMBH,1,1687
SYNTHON BV,1,1688
DR SAMMY SLIWIN,1,1689
CANADIAN VIGOUR CENTRE,1,1690
"SUMMIT THERAPEUTICS SUB, INC.",1,1691
ENGENE HOLDINGS,1,1692
MALLINCKRODT ARD LLC,1,1693
RIGSHOSPITALET,1,1694
DR. GARTH MECKLER,1,1695
"CASCADIAN THERAPEUTICS, INC",1,1696
DR. TYLER SAFRAN,1,1697
GB001 INC,1,1698
VHSQUARED LTD,1,1699
DOMPÉ FARMACEUTICI S.P.A.,1,1700
PROTEINQURE INC.,1,1701
ORTHOPAEDIC INNOVATION CENTRE,1,1702
"SUN PHARMACEUTICAL INDUSTRIES, INC.",1,1703
CYBIN THERAPEUTICS INC.,1,1704
GOGIUNTA,1,1705
NEURALY INC,1,1706
SYNAGEVA BIOPHARMA CORPORATION,1,1707
THRESHOLD PHARMACEUTICALS INC,1,1708
DR MARIE BUSSIERES,1,1709
WELICHEM BIOTECH INC,1,1710
"PREMACURE AB, A MEMBER OF THE SHIRE GROUP OF COMPANIES",1,1711
SUNNYBROOK HEALTH SCIENCES CENTRE,1,1712
DR. DAVID SHADE,1,1713
UPTRU INC.,1,1714
CELSION CORPORATION,1,1715
MEDICENNA THERAPEUTICS INC.,1,1716
DIAMOND THERAPEUTICS,1,1717
CARE ARTHRITIS LTD.,1,1718
GOVERNORS OF THE UNIVERSITY OF CALGARY / DR. VICTOR LUN,1,1719
"DR. UR METSER, MD, FRCPC",1,1720
QANATPHARMA AG,1,1721
DR. FALK PHARMA GMBH,1,1722
THERIAC BIOMEDICAL INC,1,1723
REGULUS THERAPEUTICS INC,1,1724
VERGE GENOMICS,1,1725
BOCA RATON REGIONAL HOSPITAL,1,1726
PEGA-ONE S.A.S.,1,1727
"ES THERAPEUTICS, INC.",1,1728
TRB CHEMEDICA INTERNATIONAL SA,1,1729
"IRX THERAPEUTICS, INC",1,1730
VANCOUVER GENERAL HOSPITAL AND UNIVERSITY OF BRITISH COLUMBIA FOUNDATION,1,1731
BLUEROCK THERAPEUTICS CANADA ULC,1,1732
ESTETRA SPRL,1,1733
GENFIT,1,1734
CANADIAN UROLOGICAL ONCOLOGY GROUP,1,1735
ARMO BIOSCIENCES INC,1,1736
"ONCONOVA THERAPEUTICS, INC",1,1737
"APOLLO THERAPEUTICS, LIMITED",1,1738
STANDARD PROCESS INC,1,1739
DR. YVES PASTORE,1,1740
CATALYM GMBH,1,1741
"TUSKER MEDICAL, INC",1,1742
"ACUMEN PHARMACEUTICALS, INCORPORATED",1,1743
CIUSSS DU NORD-DE-L'ÎLE-DE-MONTRÉAL,1,1744
DR JULIE-ANN VAN KOUGHNETT,1,1745
"AVM BIOTECHNOLOGY, LLC",1,1746
BAYCREST ROTMAN RESEARCH INSTITUTE,1,1747
TOM BAKER CANCER CENTRE,1,1748
VALEANT CANADA LP VALEANT CANADA S.E.C.,1,1749
FERRING VENTURES LIMITED,1,1750
"MEDEOR THERAPEUTICS, INC.",1,1751
"CHINOOK THERAPEUTICS, INC.",1,1752
CHILD & FAMILY RESEARCH INSTITUTE,1,1753
0 DUMMY COMPANY,1,1754
AEVI GENOMIC MEDICINE INC,1,1755
"KYMAB LTD, A SANOFI COMPANY",1,1756
EMD SERONO A DIVISION OF EMD INC CANADA,1,1757
ATMA CENA PSYCHEDELIC HEALTHCARE SOLUTIONS,1,1758
EVOLUS INCORPORATED,1,1759
BIOSSIL INC.,1,1760
"BLACK DIAMOND THERAPEUTICS, INC.",1,1761
SASKATCHEWAN HEALTH AUTHORITY ¿ REGINA AREA,1,1762
ICHNOS SCIENCES SA,1,1763
"TOURMALINE BIO, INC.",1,1764
VOR BIOPHARMA INC.,1,1765
MOLECULAR  INSIGHT  PHARMACEUTICALS INC,1,1766
PARADIGM BIOPHARMACEUTICALS (USA) INC.,1,1767
VENTUS THERAPEUTICS U.S,1,1768
SYNNOVATION THERAPEUTICS,1,1769
CLAIRVOYANT THERAPEUTICS INC.,1,1770
UNIVERSITY OF MINNESOTA,1,1771
"BETA BIONICS, INC.",1,1772
NORTHWESTERN UNIVERSITY,1,1773
ARVINAS ESTROGEN RECEPTOR INC.,1,1774
ACCORD HEALTHCARE LTD,1,1775
APPLIED GENETIC TECHNOLOGIES CORPORATION,1,1776
SHIRE ORPHAN THERAPIES INC,1,1777
DOUGLAS FRASER,1,1778
"SPYRYX BIOSCIENCES, INC",1,1779
DR. AMIN JAVER,1,1780
"DR. ANNA SPREAFICO, UNIVERSITY HEALTH NETWORK",1,1781
POLYNOMA LLC,1,1782
CRITERIUM INC,1,1783
"ADARX PHARMACEUTICALS, INC.",1,1784
"HARMONY BIOSCIENCES, LLC",1,1785
TEKMIRA PHARMACEUTICALS CORPORATION,1,1786
ENEAPHARM,1,1787
UNIVERSITY HOSPITALS CLEVELAND MEDICAL CENTER,1,1788
"CIUSSS DU CENTRE-OUEST-DE-L’ILE-DE-MONTREAL, INSTITUTION OF SANTÉ QUEBEC",1,1789
MCMASTER UNIVERSITY MEDICAL CENTRE,1,1790
"TREMEAU PHARMACEUTICALS, INC",1,1791
ST. BONIFACE HOSPITAL,1,1792
AMERICAN COLLEGE OF RADIOLOGY,1,1793
"R ADAMS COWLEY SHOCK TRAUMA CENTER, UNIVERSITY OF MARYLAND",1,1794
"MORPHIC THERAPEUTIC, INC.",1,1795
TURNING POINT THERAPEUTICS INC,1,1796
EVER NEURO PHARMA GMBH,1,1797
TAKEDA CANADA INC,1,1798
BAYER HEALTHCARE LLC,1,1799
DEFENCE THERAPEUTICS INC.,1,1800
"RADIUS PHARMACEUTICALS, INC",1,1801
"CRESTONE, INC.",1,1802
RIPPLE THERAPEUTICS CORPORATION,1,1803
SORICIMED BIOPHARMA INC.,1,1804
CLARIS BIOTHERAPEUTICS,1,1805
OPKO BIOLOGICS LTD.,1,1806
"CAPSIDA BIOTHERAPEUTICS, INC.",1,1807
UNIVERSITY OF HEIDELBERG,1,1808
DR JEREMY ROAD,1,1809
DEINOVE,1,1810
IDERA PHARMACEUTICALS INC,1,1811
BEIGENE LTD,1,1812
GICARE PHARMA INC,1,1813
