Medical Condition,Protocol Count
CANCER,1368
TUMOR,487
SOLID TUMORS,426
SMALL CELL LUNG CANCER,363
CARCINOMA,308
NON-SMALL CELL LUNG CANCER,299
BREAST CANCER,260
DIABETES,256
LEUKEMIA,246
LYMPHOMA,227
PROSTATE CANCER,202
ATOPIC DERMATITIS,197
ADVANCED SOLID TUMORS,196
PSORIASIS,162
MYELOMA,160
MULTIPLE MYELOMA,156
ASTHMA,150
ULCERATIVE COLITIS,149
ALZHEIMER'S DISEASE,142
PLAQUE PSORIASIS,140
CORONAVIRUS DISEASE (COVID-19),139
TYPE 2 DIABETES,135
CROHN'S DISEASE,123
PAIN,122
OVARIAN CANCER,102
MELANOMA,102
OBESITY,100
HEART FAILURE,96
HYPERTENSION,93
MULTIPLE SCLEROSIS,90
MYELOID LEUKEMIA,90
HUMAN IMMUNODEFICIENCY VIRUS (HIV),89
MALIGNANCIES,86
RECTAL CANCER,84
CYSTIC FIBROSIS,84
CHRONIC OBSTRUCTIVE PULMONARY DISEASE (COPD),83
KIDNEY DISEASE,82
TYPE 1 DIABETES,82
COLORECTAL CANCER,77
SURGERY,76
HEPATITIS C VIRUS,75
SQUAMOUS CELL CARCINOMA,73
DEPRESSION,68
HODGKIN LYMPHOMA,67
TRANSPLANTATION,65
ACUTE MYELOID LEUKEMIA,65
ADENOCARCINOMA,64
HEMOPHILIA,63
RELAPSED OR REFRACTORY MULTIPLE MYELOMA,62
MUSCULAR DYSTROPHY,60
PARKINSON'S DISEASE,60
RHEUMATOID ARTHRITIS,57
UROTHELIAL CANCER,56
MAJOR DEPRESSIVE DISORDER,56
VASCULAR DISEASE,56
AMYOTROPHIC LATERAL SCLEROSIS (ALS),56
LARGE B-CELL LYMPHOMA,55
HEPATOCELLULAR CARCINOMA,54
DIFFUSE LARGE B-CELL LYMPHOMA,54
MYASTHENIA GRAVIS,54
BLADDER CANCER,52
ALLERGIES,52
SARCOMA,51
HIDRADENITIS SUPPURATIVA,51
LYMPHOBLASTIC LEUKEMIA,51
CARDIOVASCULAR DISEASE,50
RENAL CELL CARCINOMA,50
DUCHENNE MUSCULAR DYSTROPHY,49
MIGRAINE,48
RESPIRATORY SYNCYTIAL VIRUS,48
MYELODYSPLASTIC SYNDROME,48
CARCINOMA OF THE HEAD AND NECK,48
LUPUS ERYTHEMATOSUS,48
STROKE,47
INFLUENZA,46
HYPERCHOLESTEROLEMIA,46
MACULAR DEGENERATION,46
GLIOBLASTOMA,46
PSORIATIC ARTHRITIS,46
PULMONARY FIBROSIS,45
HEPATITIS B,45
NON-HODGKIN LYMPHOMA,44
OSTEOARTHRITIS,44
PULMONARY ARTERIAL HYPERTENSION (PAH),43
LYMPHOCYTIC LEUKEMIA,43
HEMOPHILIA A,43
NONALCOHOLIC STEATOHEPATITIS (NASH),43
ANGIOEDEMA,42
OVERWEIGHT/OBESITY,42
TRAUMA,42
CHRONIC KIDNEY DISEASE (CKD),42
ACUTE LYMPHOBLASTIC LEUKEMIA,41
ENDOMETRIAL CANCER,41
BREAST CANCER HER2-POSITIVE,41
HEREDITARY ANGIOEDEMA,40
ATRIAL FIBRILLATION,40
DIABETES MELLITUS,39
CASTRATION RESISTANT PROSTATE CANCER,38
ANEMIA,38
SQUAMOUS CELL CARCINOMA OF THE HEAD AND NECK,38
PROSTATE CANCER METASTATIC CASTRATION RESISTANT,36
IDIOPATHIC PULMONARY FIBROSIS (IPF),36
EPILEPSY,36
CHRONIC LYMPHOCYTIC LEUKEMIA,35
BREAST CANCER METASTATIC,35
CLOSTRIDIUM DIFFICILE INFECTION,35
MYELOFIBROSIS,35
NEPHROPATHY,33
SICKLE CELL DISEASE,33
VENOUS THROMBOEMBOLISM,32
FALLOPIAN TUBE CANCER,32
HUNTINGTON DISEASE,32
HEMATOLOGICAL MALIGNANCIES,31
FAMILIAL HYPERCHOLESTEROLEMIA,31
DEMENTIA,31
URTICARIA,31
STRESS,31
CARDIOMYOPATHY,31
LUNG DISEASE,31
"BREAST CANCER, HORMONE RECEPTOR POSITIVE, HER2 NEGATIVE LOCALLY ADVANCED OR METASTATIC",30
METASTATIC COLORECTAL CANCER,30
GLIOMA,30
FOLLICULAR LYMPHOMA,30
BREAST CANCER TRIPLE NEGATIVE,30
SYSTEMIC LUPUS ERYTHEMATOSUS,29
GASTRIC CANCER,29
ADVANCED CANCERS,28
SCHIZOPHRENIA,28
GASTROESOPHAGEAL JUNCTION CANCER,27
CHRONIC SPONTANEOUS URTICARIA,27
MYOCARDIAL INFARCTION,27
"GENERALIZED MYASTHENIA GRAVIS (MG).""",26
HEMOPHILIA B,26
NEUROENDOCRINE TUMORS,26
HEPATITIS B VIRUS,26
ACNE,25
PULMONARY HYPERTENSION,25
GRAFT VS HOST DISEASE,25
EPITHELIAL OVARIAN CANCER,24
NEUROBLASTOMA,24
LIVER DISEASE,24
POST-TRAUMATIC STRESS DISORDER,23
RHINOSINUSITIS,23
PAROXYSMAL NOCTURNAL HEMOGLOBINURIA,23
CARDIAC SURGERY,23
PANCREATIC CANCER,23
RHINITIS,23
METASTATIC SOLID TUMOURS,23
ACUTE MYELOGENOUS LEUKEMIA,23
SYSTEMIC SCLEROSIS,23
VITILIGO,23
MACULAR EDEMA,23
NEOVASCULAR AGE-RELATED MACULAR DEGENERATION,22
HEAD AND NECK CANCER,22
INTERSTITIAL LUNG DISEASE,22
LOCALLY ADVANCED/METASTATIC NON SMALL CELL LUNG CANCER,21
KIDNEY TRANSPLANTATION,21
IMMUNIZATION,21
NEUROPATHIC PAIN,20
ALOPECIA AREATA,20
HEPATITIS C VIRUS GENOTYPE 1,20
SPINAL MUSCULAR ATROPHY,20
CHRONIC INFLAMMATORY DEMYELINATING POLYNEUROPATHY (CIDP),20
ADVANCED MALIGNANCIES,20
CERVICAL CANCER,20
OSTEOARTHRITIS OF THE KNEE,20
AMYLOIDOSIS,19
PRIMARY PERITONEAL CANCER,19
BRAIN INJURY,18
HEART FAILURE WITH PRESERVED EJECTION FRACTION,18
INSOMNIA,17
HYPERTRIGLYCERIDEMIA,17
THROMBOSIS,17
CHRONIC HEART FAILURE,17
FABRY DISEASE,17
CONSTIPATION,17
ALLERGIES PEANUT,17
AUTISM,17
GLAUCOMA,16
RELAPSED OR REFRACTORY ACUTE MYELOID  LEUKEMIA (AML),16
THALASSEMIA,16
NARCOLEPSY,16
B-CELL NON-HODGKIN'S LYMPHOMA,16
HEMORRHAGE,16
BIPOLAR DISORDER,16
AUTISM SPECTRUM DISORDER,16
HEMATOPOIETIC STEM CELL TRANSPLANT,16
PNEUMONIA,16
CHRONIC COUGH,16
HYPERLIPIDEMIA,16
PRIMARY BILIARY CHOLANGITIS (PBC),16
NON-MUSCLE INVASIVE BLADDER CANCER (NMIBC),16
PANCREATIC DUCTAL ADENOCARCINOMA,16
LUPUS NEPHRITIS,15
JUVENILE IDIOPATHIC ARTHRITIS (JIA),15
ESOPHAGEAL CANCER,15
SEPSIS,15
RENAL CELL CARCINOMA METASTATIC,15
DIABETIC MACULAR EDEMA,15
NAUSEA,15
CHRONIC HEPATITIS B,15
CHRONIC MIGRAINE,15
SEASONAL ALLERGIC RHINITIS,14
ATTENTION DEFICIT HYPERACTIVITY DISORDER (ADHD),14
POLYCYTHEMIA VERA (PV),14
HOMOZYGOUS FAMILIAL HYPERCHOLESTEROLEMIA,14
BRAIN METASTASES,14
PRURIGO NODULARIS,14
IGA NEPHROPATHY,14
ALLERGIES ENVIRONMENTAL,14
TREATMENT RESISTANT DEPRESSION,14
SOFT TISSUE SARCOMA,14
RELAPSED AND/OR REFRACTORY B-CELL LYMPHOMA,14
SMALL LYMPHOCYTIC LYMPHOMA,14
CHOLANGIOCARCINOMA,14
VASOMOTOR SYMPTOMS,14
PRIMARY SCLEROSING CHOLANGITIS,14
GASTROINTESTINAL STROMAL TUMOR (GIST),13
MANTLE CELL LYMPHOMA,13
EOSINOPHILIC ESOPHAGITIS,13
CYTOMEGALOVIRUS,13
MYOTONIC DYSTROPHY,13
PANCREATIC ADENOCARCINOMA,13
ANKYLOSING SPONDYLITIS,13
OVERACTIVE BLADDER,13
NAUSEA AND VOMITING,13
KNEE ARTHROPLASTY,13
ADVANCED HEPATOCELLULAR CARCINOMA,13
THYROID EYE DISEASE,13
CIRRHOSIS OF THE LIVER,13
CHRONIC PLAQUE PSORIASIS,13
COGNITIVE IMPAIRMENT,13
ANXIETY DISORDER,12
NASAL POLYPOSIS,12
BREAST CANCER METASTATIC TRIPLE NEGATIVE,12
TRAUMATIC BRAIN INJURY,12
ALLERGIES RESPITATORY,12
GROWTH HORMONE DEFICIENCY,12
TRANSTHYRETIN AMYLOID CARDIOMYOPATHY,12
MYELOMONOCYTIC LEUKEMIA,12
EOSINOPHILIC ASTHMA,12
CHRONIC MYELOID LEUKEMIA,12
MALIGNANT SOLID TUMOURS,12
EPISODIC MIGRAINE,12
PRURITIS,12
GLABELLAR LINES,12
HETEROZYGOUS FAMILIAL HYPERCHOLESTEROLEMIA,12
RELAPSED OR REFRACTORY SOLID TUMORS,12
UNSPECIFIED,11
B-CELL MALIGNANCIES,11
MUSCLE-INVASIVE BLADDER CANCER,11
MRI IMAGING,11
BILIARY CANCER,11
HEART DISEASE,11
DRAVET SYNDROME,11
BIPOLAR DEPRESSION,11
NASOPHARYNGEAL CARCINOMA,11
MESOTHELIOMA,11
ADDICTION,11
LUNG TRANSPLANT RECIPIENT,11
ANEURYSM,11
ACUTE CORONARY SYNDROME,11
RELAPSING-REMITTING MULTIPLE SCLEROSIS,11
NEUROMYELITIS OPTICA SPECTRUM DISORDER,11
ENDOMETRIOSIS,11
METABOLIC SYNDROME,11
SEDATION,10
GRANULOMATOSIS,10
HERPES ZOSTER,10
ALCOHOL USE DISORDER,10
ACHONDROPLASIA,10
SEIZURES,10
AUTOIMMUNE DISEASE,10
PROPHYLAXIS OF INFECTIONS,10
PNEUMOCOCCAL DISEASE,10
PLATINUM-RESISTANT OVARIAN CANCER,10
CHYLOMICRONEMIA,10
ACUTE ISCHEMIC STROKE,10
MYELOPROLIFERATIVE NEOPLASMS,10
ER+/HER2-BREAST CANCER,10
FRACTURES,10
FRONTOTEMPORAL DEMENTIA,10
ISCHEMIC ATTACK AND MINOR STROKE,10
GASTROINTESTINAL CANCER,10
INFERTILITY,10
THYROID CANCER,9
SLEEP APNEA,9
NON ALCOHOLIC FATTY LIVER DISEASE (NAFLD),9
B-CELL ACUTE LYMPHOBLASTIC LEUKEMIA,9
END STAGE RENAL DISEASE,9
MEDULLOBLASTOMA,9
BRONCHIECTASIS,9
UVEAL MELANOMA,9
THROMBOCYTOPENIA,9
GASTROESOPHAGEAL ADENOCARCINOMA,9
HYPERTROPHIC CARDIOMYOPATHY,9
FOCAL SEGMENTAL GLOMERULOSCLEROSIS,9
OBSESSIVE COMPULSIVE DISORDER,9
ACTIVE PSORIATIC ARTHRITIS,9
FAMILIAL CHYLOMICRONEMIA SYNDROME,9
PLEURAL MESOTHELIOMA,9
ANASTHESIA,9
CHRONIC MYELOMONOCYTIC LEUKEMIA (CMML-2),9
ESSENTIAL THROMBOCYTHEMIA,9
ANOREXIA,9
CHRONIC MYELOGENOUS LEUKEMIA (CML),9
ALAGILLE SYNDROME,8
PALMOPLANTAR PUSTULOSIS,8
IMMUNOGLOBULIN A NEPHROPATHY,8
HYPOTENSION,8
CELIAC DISEASE,8
OSTEOGENESIS IMPERFECTA,8
SJOGREN'S SYNDROME,8
PRIMARY MYELOFIBROSIS (PMF),8
VASCULAR INFLAMMATION,8
ALLERGIC CONJUNCTIVITIS,8
RETINOPATHY OF PREMATURITY,8
FOCAL SEGMENTAL GLOMERULOSCLEROSIS (FSGS),8
SOMATOSTATIN RECEPTOR POSITIVE TUMOURS,8
COLORECTAL CARCINOMA,8
CORONARY HEART DISEASE OR HIGH RISK OF CORONONARY HEART DISEASE,8
ALPHA-1 ANTITRYPSIN DEFICIENCY (AATD),8
LOWER RESPIRATORY TRACT INFECTION,8
OSTEOSARCOMA,8
DYSLIPIDEMIA,8
HEPATITIS C VIRUS GENOTYPE 3,8
VON WILLEBRAND DISEASE,8
ANALGESIA,8
OPIOID USE DISORDER,8
ATHEROSCLEROSIS,7
CHRONIC SPONTANEOUS URTICARIA (CSU),7
OROPHARYNX CANCER,7
CRITICALLY ILL,7
OSTEOPOROSIS,7
CUSHING'S DISEASE,7
OVARIAN CANCER PRIMARY PERITONEAL,7
URINARY TRACT INFECTION,7
HYPOPARATHYROIDISM,7
PERIOPERATIVE PAIN,7
POLYANGITIS,7
POSTURAL ORTHOSTATIC TACHYCARDIA SYNDROME,7
PRADER-WILLI SYNDROME,7
PRIMARY BILIARY CIRRHOSIS,7
PRIMARY IMMUNODEFICIENCY DISEASES,7
MIXED DYSLIPIDEMIA,7
UTERINE FIBROIDS,7
DYSLIPIDEAMIA,7
METASTATIC CANCERS,7
MENTAL HEALTH CONCERNS,7
MENINGITIS,7
MASTOCYTOSIS,7
RETT SYNDROME,7
SEPTIC SHOCK,7
SHOULDER SURGERY,7
SICKLE CELL ANEMIA,7
ANGELMAN SYNDROME (AS),7
SPINAL CORD INJURY,7
LENNOX-GASTAUT SYNDROME,7
SUBARACHNOID HEMORRHAGE,7
ISLET TRANSPLANTATION,7
GLYCEMIA,7
INTRACEREBAL HEMORRAGE,7
THROMBOCYTHEMIA MYELOFIBROSIS,7
INTERSTITIAL CYSTITIS/BLADDER PAIN SYNDROME,7
GASTROPARESIS,7
GIANT CELL ARTERITIS,7
HUMAN PAPILLOMA VIRUS (HPV),7
COLON CANCER,7
FRAGILE X SYNDROME,6
SUPRAVENTRICULAR TACHYCARDIA,6
CESAREAN DELIVERY,6
CHRONIC THROMBOEMBOLIC PULMONARY HYPERTENSION (CTEPH),6
HYPERKALEMIA,6
SHORT BOWEL SYNDROME,6
SPINAL CORD LESION,6
NON-SQUAMOUS CARCINOMA OF THE LUNG,6
HIP ARTHROPLASTY,6
DIFFUSE INTRINSIC PONTINE GLIOMAS,6
LYMPHOID MALIGNANCIES,6
WEIGHT GAIN,6
TRANSTHYRETIN MEDIATED AMYLOIDOSIS,6
PERITONEAL CARCINOMA,6
PERIPHERAL T CELL LYMPHOMA,6
TUBERCULOSIS,6
HYPEROXALURIA,6
MAJOR CARDIOVASCULAR EVENTS,6
ESSENTIAL TREMOR,6
HEPATIC ENCEPHALOPATHY,6
HEREDITARY HAEMORRHAGIC TELANGIECTASIA,6
METASTATIC PANCREATIC DUCTAL ADENOCARCINOMA,6
PROGRESSIVE FAMILIAL INTRAHEPATIC CHOLESTASIS,6
DYSKINESIA,6
BLOOD LOSS,6
NON-CYSTIC FIBROSIS BRONCHIECTASIS,6
PSYCHOSIS,6
PYRUVATE KINASE DEFICIENCY,6
ACTINIC KERATOSIS,6
PANCREATIC NEUROENDOCRINE TUMORS,6
MENOPAUSE-RELATED VASOMOTOR SYMPTOMS,6
SUBSTANCE ABUSE,6
HER2 NEGATIVE METASTATIC OR LOCALLY ADVANCED UNRESECTABLE BRCA ASSOCIATED BREAST CANCER,6
LIPOSARCOMA,6
SUICIDALITY,6
VENOUS THROMBOSIS,6
PROSTATE ADENOCARCINOMA,6
GERM CELL TUMOUR,6
HYPOGONADAL,6
BRONCHOPULMONARY DYSPLASIA,6
RETINITIS PIGMENTOSA (RP),6
MALIGNANT PLEURAL MESOTHELIOMA,6
AUTOSOMAL DOMINANT POLYCYSTIC KIDNEY DISEASE,6
TRANSFUSION DEPENDENT THALASSEMIA,5
HEPATITIS C VIRUS GENOTYPE 1 OR 4,5
IMMUNE THROMBOCYTOPENIA (ITP),5
NEURODEGENERATIVE DISEASES,5
MERKEL CELL CARCINOMA,5
IGG4 RELATED DISEASE,5
BRAF MUTATION-POSITIVE TUMORS,5
MELANOMA WITH BRAF MUTATION,5
RENAL FAILURE,5
DRY EYE DISEASE,5
RENAL INSUFFICIENCY,5
AXIAL SPONDYLARTHRITIS,5
MUCOPOLYSACCHARIDOSIS TYPE II (MPS II),5
AUTOIMMUNE HEPATITIS,5
ROSACEA,5
EOSINOPHILIC GRANULOMATOSIS,5
BURN,5
ARTICULAR CARTILAGE INJURY,5
IDIOPATHIC INFLAMMATORY MYOPATHY,5
IDIOPATHIC CONSTIPATION,5
EPSTEIN-BARR VIRUS (EBV) INFECTION,5
SJÖGREN'S SYNDROME,5
ACUTE MYOCARDIAL INFARCTION,5
POST-POLYCYTHEMIA VERA MYELOFIBROSIS,5
DIABETIC KIDNEY DISEASE,5
ANEURYSMAL SUBARACHNOID HEMORRHAGE,5
DIABETIC GASTROPARESIS,5
PHENYLKETONURIA,5
FACIOSCAPULOHUMERAL MUSCULAR DYSTROPHY,5
LIMB SPASTICITY,5
HEMODIALYSIS,5
LATENT TUBERCULOSIS (TB) INFECTION,5
CATARACT SURGERY,5
PERICARDITIS,5
FIBRODYSPLASIA OSSIFICANS PROGRESSIVA (FOP),5
LABOUR,5
COLD AGGLUTININ DISEASE,5
SUBDURAL HEMATOMA,5
PAROXYSMAL SUPRAVENTRICULAR TACHYCARDIA (PSVT),5
DELIRIUM,5
KIDNEY TRANSPLANT REJECTION,5
ACUTE RESPIRATORY DISTRESS SYNDROME (ARDS),5
HUNTER SYNDROME,5
IRRITABLE BOWEL SYNDROME,5
NON-SQUAMOUS/SQUAMOUS NSCLC,5
CHOLESTATIC LIVER DISEASE,5
NON-SMALL CELL LUNG CANCER - CACHEXIA (NSCLC-C),5
ADVANCED MALIGNANT TUMORS,5
CUTANEOUS MELANOMA,5
GLYCOGEN STORAGE DISEASE TYPE IA,5
URINARY INCONTINENCE,5
CHRONIC LOW BACK PAIN,5
ULCERS,5
CORONARY ARTERY DISEASE,5
XEROSTOMIA,4
ADVANCED LUNG CANCER,4
ALPORT SYNDROME,4
ANTIBODY AUTOIMMUNE HEMOLYTIC ANEMIA,4
ANTIPHOSPHOLIPID SYNDROME,4
AORTIC ANEURYSM,4
AORTIC VALVE STENOSIS,4
APPENDICITIS,4
ARGINASE-1 DEFICIENCY,4
ATYPICAL HEMOLYTIC UREMIC SYNDROME (AHUS),4
BETA-THALASSEMIA,4
BILIARY ATRESIA,4
BONE FRACTURES,4
CANCER PAIN,4
CARDIAC ARREST,4
CAT ALLERGY,4
CATECHOLAMINERGIC POLYMORPHIC VENTRICULAR TACHYCARDIA (CPVT),4
CHARCOT-MARIE-TOOTH DISEASE TYPE 1A,4
CHRONIC CLUSTER HEADACHE,4
CHRONIC SUBDURAL HEMATOMA,4
CLOSTRIDIOIDES DIFFICILE,4
CLOSTRIDIUM DIFFICILE-ASSOCIATED DIARRHOEA (CDAD),4
COLORECTAL ADENOCARCINOMA,4
COMMUNITY-ACQUIRED PNEUMONIA,4
CORONARY ARTERY BYPASS GRAFT,4
DERMATOMYOSITIS,4
DESMOID TUMORS,4
DIABETIC NEPHROPATHY,4
DIABETIC NEUROPATHIC PAIN,4
DIABETIC RETINOPATHY,4
ELEVATED LEVELS OF LIPOPROTEIN,4
ESOPHAGEAL SQUAMOUS CELL CARCINOMA (ESCC),4
EYE SURGERY,4
FATIGUE,4
FONTAN PALLIATION,4
FRIEDREICH ATAXIA,4
GASTROESOPHAGEAL REFLUX DISEASE (GERD),4
GAUCHER DISEASE TYPE 1,4
GLIOMA MALIGNANT,4
GLOMERULOPATHY,4
GRANULOMATOSIS WITH POLYANGIITIS (GPA),4
HER2-AMPLIFIED BILIARY TRACT CANCERS,4
HYPOGLYCEMIA UNAWARENESS,4
HYPOPHOSPHATASIA,4
IRON DEFICIENCY,4
LATERAL CANTHAL LINES,4
LIVER TRANSPLANTATION,4
LONG COVID,4
METASTATIC MALIGNANCY,4
MULTIFOCAL MOTOR NEUROPATHY (MMN),4
MYELOID MALIGNANCIES,4
NEUROFIBROMATOSIS TYPE I,4
NOCTURIA,4
OPIOID-INDUCED CONSTIPATION,4
ORNITHINE TRANSCARBAMYLASE DEFICIENCY,4
ORTHOSTATIC HYPOTENSION,4
OVARIAN CARCINOMA,4
OVARIAN STIMULATION,4
PATENT DUCTUS ARTERIOSUS (PDA),4
PERITONEAL CARCINOMATOSIS,4
PERTUSSIS,4
POLYMYALGIA RHEUMATICA,4
POMPE DISEASE,4
POST-ESSENTIAL THROMBOCYTHEMIA MYELOFIBROSIS,4
POST-MENOPAUSAL VASOMOTOR SYMPTOMS,4
POSTPARTUM DEPRESSION,4
PREMATURE LABOUR,4
PRIMARY BRAIN TUMOUR,4
PRIMARY HYPERLIPIDEMIA,4
PROTOPORPHYRIA,4
PULMONARY DISORDERS,4
PULMONARY EMBOLISM,4
PYODERMA GANGRENOSUM,4
SMOKING CESSATION,4
THROMBOTIC THROMBOCYTOPENIC PURPURA,4
TOURETTE'S DISORDER,4
UPPER RESPIRATORY TRACT INFECTION,4
URINARY RETENTION,4
VASOVAGAL SYNCOPE,4
VULVOVAGINAL ATROPHY,4
X-LINKED HYPOPHOSPHATEMIA,4
CENTRAL NERVOUS SYSTEM MALIGNANCY,3
PERIPHERAL ARTERY DISEASE,3
PANCREATITIS,3
22Q11 DELETION SYNDROME,3
CHOROIDEREMIA,3
ORGAN TRANSPLANTATION,3
THORACIC SURGERY,3
CHRONIC SCROTAL PAIN,3
OPEN ANGLE GLAUCOMA,3
ONYCHOMYCOSIS,3
LIVER / HEPATIC DYSFUNCTION,3
NONSENSE MUTATION DYSTROPHINOPATHY,3
HER2-LOW UNRESECTABLE AND/OR METASTISTIC BREAST CANCER,3
HER2 POSITIVE ADVANCED GASTROESOPHAGEAL ADENOCARCINOMA,3
COMPLEX REGIONAL PAIN SYNDROME (CRPS),3
CONGENITAL ADRENAL HYPERPLASIA,3
AGGRESSION,3
CONGENITAL MYOTONIC DYSTROPHY,3
HEPATITIS D,3
CONTRACEPTION,3
NEUROCOGNITIVE DISORDERS,3
HIP FRACTURE,3
SYNOVIAL SARCOMA,3
CUTANEOUS T-CELL LYMPHOMA (CTCL),3
MYOTUBULAR MYOPATHY,3
MYOCARDIAL PERFUSION,3
DISCOID LUPUS ERYTHEMATOSUS,3
SUBACUTE CUTANEOUS LUPUS ERYTHEMATOSUS,3
MUCOPOLYSACCHARIDOSIS IVA (MORQUIO  SYNDROME),3
ALLOGRAFT DYSFUNCTION,3
HYPOCHONDROPLASIA,3
EPISODIC CLUSTER HEADACHE,3
DRUG ADDICTION,3
MITOCHONDRIAL DISORDERS,3
MICROSCOPIC POLYANGITIS,3
IMMUNE-RELATED COLITIS,3
METHICILLIN-RESISTANT STAPHYLOCOCCUS AUREUS (MRSA),3
ENTEROBACTERIACEAE,3
METASTATIC ENDOMETRIAL CANCER,3
METASTATIC CEA-POSITIVE SOLID TUMORS,3
HYPERINSULINEMIA,3
ECTONUCLEOTIDE PYROPHOSPHATASE/PHOSPHODIESTERASE 1 (ENPP1) DEFICIENCY,3
MENINGITIS B,3
HIGH GRADE SQUAMOUS INTRAEPITHELIAL LESION (HSIL) OF THE CERVIX,3
STREPTOCOCCAL INFECTION,3
STEATOHEPATITIS NON-ALCOHOLIC,3
ANAPLASTIC LYMPHOMA KINASE-POSITIVE ADVANCED NON-SMALL CELL LUNG CANCER,3
ANGINA PECTORIS,3
HEPATITIS C VIRUS GENOTYPE 4,3
ANTI-NEUTROPHIL CYTOPLASMIC AUTOANTIBODY (ANCA)-ASSOCIATED VASCULITIS,3
ASSISTED REPRODUCTIVE TECHNOLOGY PROGRAMME,3
INDOLENT SYSTEMIC MASTOCYTOSIS,3
HEPATITIS C VIRUS GENOTYPE 2 OR 3,3
SENSORINEURAL HEARING LOSS,3
SCALP AND BODY PSORIASIS,3
ATRIAL FLUTTER,3
ACTIVE ANKYLOSING SPONDYLITIS,3
RHABDOMYOSARCOMA,3
INFLAMMATORY BOWEL DISEASE,3
RETINOBLASTOMA,3
WILSON'S DISEASE,3
RESTLESS LEGS SYNDROME,3
RENAL IMPAIRMENT,3
BASAL CELL NEVUS SYNDROME,3
RECOVERY AFTER ANESTHESIA,3
WALDENSTRÖM'S MACROGLOBULINEMIA,3
GASTRO-OESOPHAGEAL CANCER,3
UNCONTROLLED BLEEDING,3
PULMONARY EMPHYSEMA,3
FUNGAL DISEASE,3
PULMONARY ASPERGILLOSIS,3
INTRAHEPATIC CHOLANGIOCARCINOMA,3
BONE METASTASES,3
UTERINE CANCER,3
ACUTE KIDNEY INJURY,3
BRONCHIOLITIS,3
PROGRESSIVE SUPRANUCLEAR PALSY,3
ACUTE MAJOR BLEEDING,3
ISCHEMIC LEFT VENTRICULAR DYSFUNCTION,3
HEREDITARY INCLUSION BODY MYOPATHY (HIBM),3
ICHTHYOSIS,3
GIANT CELL TUMORS,3
PRIMARY SJOGREN'S SYNDROME (PSJS),3
PRIMARY SCLEROSING CHOLANGITIS (PSC),3
FOOD ALLERGIES,3
ABDOMINAL SURGERY,3
CANDIDIASIS,3
IDIOPATHIC HYPERSOMNIA,3
TUBEROUS SCLEROSIS COMPLEX (TSC),3
PRETERM INFANCY,3
POUCHITIS,3
ACUTE RENAL INJURY,3
CARCINOID SYNDROME,3
POST-OPERATIVE URINARY RETENTION,3
POST-CONCUSSION SYNDROME,3
PLEXIFORM NEUROFIBROMAS,3
ACUTE RESPIRATORY FAILURE,3
PLATYSMA PROMINENCE,3
ADENOCARCINOMA OF PANCREAS,3
LANGERHANS CELL HISTIOCYTOSIS,3
VENTRICULAR ARRHYTHMIA,3
PERSONALITY DISORDER,3
CENTRAL NERVOUS SYSTEM LYMPHOMA,3
ACROMEGALY,3
THROMBOPHYLAXIS,3
GNE MYOPATHY (GNEM),3
HYPERGLYCEMIA,2
HYPERMUTANT CANCER,2
HYPOACTIVE SEXUAL DESIRE,2
HYPOFIBRINOGENEMIA,2
ACTIVE AXIAL SPONDYLOARTHRITIS,2
HYSTERECTOMY ASSOCIATED PAIN,2
GESTATIONAL DIABETES MELLITUS,2
IDIOPATHIC THROMBOCYTOPENIC PURPURA (IPT),2
GEOGRAPHIC ATROPHY,2
GENITAL PSORIASIS,2
IL-18 DRIVEN MONOGENIC AUTOINFLAMMATORY CONDITIONS,2
IMMUNE THROMBOCYTOPENIC PURPURA (ITP),2
GAUCHER DISEASE TYPE 3,2
GASTROSCHISIS,2
INCLUSION BODY MYOSITIS,2
INFANT RESUSCITATION,2
GASTROINTESTINAL SURGERY,2
GASTROINTESTINAL DISORDERS,2
GASTRO-ENTEROPANCREATIC NEUROENDOCRINE TUMORS,2
FUCHS ENDOTHELIAL CORNEAL DYSTROPHY,2
ISCHEMIC EVENTS,2
ISCHEMIC MITRAL INSUFFICIENCY,2
FOREHEAD LINES,2
ISOLATED CERVICAL DYSTONIA,2
KIDNEY CANCER,2
FONTAN CIRCULATION,2
FOCAL-ONSET SEIZURES,2
LACERATION,2
LAMELLAR ICHTHYOSIS,2
LEBER CONGENITAL AMAUROSIS,2
LEIOMYOSARCOMA,2
LIPOPROTEIN LIPASE DEFICIENCY,2
LIVER METASTASES,2
UTERINE LEIOMYOMA,2
LOW BONE MINERAL DENSITY,2
LUNG CANCER SURGERY,2
LUNG FUNCTION,2
LUNG INJURY,2
LYME DISEASE,2
EPITHELIAL TUMOURS,2
EPISTAXIS,2
MAJOR ADVERSE KIDNEY EVENTS,2
MALIGNANT PLEURAL EFFUSION,2
MASSETER MUSCLE HYPERTROPHY,2
END OF LIFE DISTRESS,2
EGFR POSITIVE CANCERS,2
EGFR MUTATION SOLID MALIGNANCIES,2
METABOLIC DYSFUNCTION-ASSOCIATED STEATOHEPATITIS,2
EBOLA VIRUS INFECTION,2
METHAMPHETAMINE USE DISORDER,2
METHYLMALONIC ACIDEMIA,2
MIDDLE EAR EFFUSION,2
MITOCHONDRIAL MYOPATHY,2
MONKEYPOX,2
DOWN SYNDROME,2
DISTAL RENAL TUBULAR ACIDOSIS,2
UVEITIS,2
DIPHTHERIA,2
MULTIPLE SYSTEM ATROPHY,2
DILATED CARDIOMYOPATHY,2
MYCOSIS FUNGOIDES,2
DIARRHEA,2
DEVELOPMENTAL AND EPILEPTIC ENCEPHALOPATHY,2
CRITICAL LIMB ISCHEMIA,2
CRANIOCEREBRAL TRAUMA,2
CORNEAL ENDOTHELIAL DYSTROPHY,2
NEUROGENIC DETRUSOR OVERACTIVITY,2
NEUROTROPHIC KERATITIS,2
CONGENITAL MYASTHENIC SYNDROMES (CMS),2
CONGENITAL HYPERINSULINEMIA,2
NONTUBERCULOUS MYCOBACTERIAL (NTM) LUNG INFECTION,2
OCULOPHARYNGEAL MUSCULAR DYSTROPHY (OPMD),2
ACHILLES TENDINOSIS,2
OPTIC NEURITIS,2
ORAL CAVITY CANCER,2
ORAL LICHEN PLANUS (OLP),2
ORAL MUCOSITIS,2
CHRONIC INFLAMMATORY DISEASES,2
OSTEONECROSIS,2
CHRONIC DIABETIC PERIPHERAL NEUROPATHIC PAIN,2
OTITIS EXTERNA,2
CHOROIDAL NEOVASCULARIZATION,2
CHONDROSARCOMA,2
CHOLESTATIC PRURITUS,2
CERVICAL SPINAL CORD INJURY,2
PAPILLARY RENAL CELL CARCINOMA,2
PARATHYROID ADENOMA,2
CEREBRAL PALSY,2
PEMPHIGUS,2
PENILE CANCER,2
ABUSE POTENTIAL,2
PIK3CA-RELATED OVERGROWTH SPECTRUM (PROS),2
PNEUMONITIS,2
CARDIAC SARCOIDOSIS,2
VIRAL GASTROENTERITIS,2
POST PARTUM MOOD SYMPTOMS,2
POST-COVID FATIGUE SYNDROME,2
POST-PROSTATECTOMY,2
POSTMENOPAUSAL,2
PRE- AND POST-CAPILLARY PULMONARY HYPERTENSION (CPCPH),2
PREGNANCY,2
PRIMARY CILIARY DYSKINESIA,2
PRIMARY HUMORAL IMMUNDEFICIENCY,2
PRIMARY MEMBRANOUS NEPHROPATHY,2
PROLIFERATIVE VITREORETINOPATHY (PVR),2
PROPHYLAXIS FOR THROMBOEMBOLISM PREVENTION,2
BULLOUS PEMPHIGOID,2
PROPIONIC ACIDEMIA,2
PROSTATE HYPERPLASIA,2
BORDETELLA PERTUSSIS,2
PSYCHOTIC DISORDER,2
X-LINKED MYOTUBULAR MYOPATHY,2
BIRTH ASPHYXIA,2
RADIONECROSIS,2
RAGWEED ALLERGY,2
RECESSIVE DYSTROPHIC EPIDERMOLYSIS BULLOSA,2
REFRACTORY EPILEPTIC ENCEPHALOPATHY,2
BINGE EATING DISORDER,2
BEHAVIORAL VARIANT FRONTOTEMPORAL DEMENTIA (BVFTD),2
AXILLARY HYPERHIDROSIS,2
AUTOIMMUNE ENCEPHALITIS,2
ATOPIC HAND AND FOOT DERMATITIS,2
SCOLIOSIS,2
SECONDARY HYPERPARATHYROIDISM,2
ATHEROSCLEROTIC VASCULAR DISEASE,2
ARTICULAR CARTILAGE DEFECT,2
SEVERE CHRONIC HAND DERMATITIS,2
ARTHRALGIAS,2
ARTHIRITS,2
ARTERIOVENOUS MALFORMATIONS (AVM),2
ANTIBIOTIC RESISTANCE,2
SMOLDERING SYSTEMIC MASTOCYTOSIS,2
ANDROGENIC ALOPECIA,2
ANAPLASTIC ASTROCYTOMA,2
ANAL CANCER,2
ALVEOLAR SOFT PART SARCOMA,2
STILL'S DISEASE,2
ALPHA1-PROTEINASE INHIBITOR DEFICIENT,2
ALCOHOLIC HEPATITIS (AH),2
SUBUNGUAL ONYCHOMYCOSIS (DSO),2
SUPRAVENTRICULAR TACHYARRHYTHMIA,2
ALBUMINURIA,2
SYMPTOMATIC LEG SUPERFICIAL VEIN THROMBOSIS,2
TARDIVE DYSKINESIA,2
TETANUS,2
ADVANCED TUMORS,2
THROMBOLYSIS,2
ADENOVIRUS,2
THYROID DISORDER,2
ADENOID CYSTIC CARCINOMA (ACC),2
TINNITUS,2
WET AGE-RELATED MACULAR DEGENERATION,2
ADAMANTINOMATOUS CRANIOPHARYNGIOMA,2
ACUTE VENOUS THROMBOEMBOLISM,2
ACUTE PULMONARY EMBOLISM,2
TURNER SYNDROME,2
UNRESECTABLE  HEPATOCELLULAR CARCINOMA,2
HEPATITIS C VIRUS GENOTYPE 1A OR 1B,2
HEPATO CELLULAR CARCINOMA,2
HEPATIC IMPAIRMENT,2
HEREDITARY TRANSTHYRETIN-MEDIATED AMYLOID POLYNEUROPATHY,2
HEMOLYTIC DISEASE,2
GUILLAIN-BARRÉ SYNDROME,2
OCCLUSIONS,1
OCULAR INFLAMMATION,1
TEMPOROMANDIBULAR DISORDER,1
FACIAL CAPILLARY MALFORMATIONS,1
LIPOPROTEIN PRODUCTION,1
LIPOPROTEIN PARTICLE PRODUCTION,1
OPIOID WITHDRAWAL SYNDROME,1
TESTICULAR LYMPHOMA,1
TESTOSTERONE DEFICIENCY,1
OPTIC NEUROPATHY,1
HYPEREOSINOPHILIC SYNDROME,1
HEMOCHROMATOSIS,1
THERMAL INJURY,1
ORBITAL CELLULITIS,1
FAILED ENDOMETRIAL ABLATION,1
VASCULAR MALFORMATION,1
CHRONIC PHASE OR ACCELERATED PHASE CHRONIC MYELOID LEUKEMIA,1
ACE INHIBITOR INDUCED ANGIOEDEMA,1
CHRONIC IRON OVERLOAD REQUIRING CHELATION THERAPY,1
THORACIC OUTLET SYNDROME,1
CHRONIC INFECTION DUE TO PSEUDOMONAS AERUGINOSA,1
OSTEOMEDULLARY DISEASE,1
IDIOPATHIC SHORT STATURE,1
CHRONIC HEADACHES,1
OSTEORADIONECROSIS,1
ADVANCED PRAME-POSITIVE CANCERS,1
ADULT ONSET STILL'S DISEASE,1
OTOTOXICITY,1
LIGHT CHAIN DEPOSITION DISEASE,1
GRAVE'S DISEASE,1
VASOSPASTIC ANGINA,1
LICHEN SCLEROSUS,1
CHOREA,1
IDIOPATHIC POLYPOIDAL CHORIDAL VASCULOPATHY,1
HIGH-RISK ALCOHOL USE,1
CHOLERA,1
PALMOPLATER PSORIASIS,1
PAN-UVEITIS,1
CHIMERIC ANTIGEN RECEPTOR T-CELL THERAPY,1
CHILDHOOD SARCOMAS,1
THROMBOTIC MICROANGIOPATHY,1
PANCREATIC INSUFFICIENCY EXOCRINE,1
CERVICAL FACETOGENIC PAIN,1
LI-FRAUMENI SYNDROME,1
PANIC DISORDER,1
WELL-BEING,1
ADENOVIRAL CONJUNCTIVITIS,1
HEMATURIA,1
PAROTID GLAND HYPOFUNCTION,1
CEREBRAL EDEMA,1
CEPHALOSPORIN-RESISTANT ENTEROBACTERIACEAE INFECTION,1
ACCORDION WRINKLES,1
PEDIATRIC-ONSET HYPOPHOSPHATASIA,1
PELVIC SURGERY,1
GRAVES` OPHTHALMOPATHY,1
PEMPHIGUS VULGARIS,1
THYROID SCAN INDICATION,1
CENTRAL SEROUS CHORIORETINOPATHY,1
CENTRAL RETINAL VEIN OCCLUSION,1
FAMILIAL ADENOMATOUS POLYPOSIS,1
PERIPHERAL NEUROPATHY,1
PERIPHERAL SPONDYLOARTHRITIS,1
FAMILIAL AMYLOIDOTIC CARDIOMYOPATHY,1
FAMILIAL AMYLOIDOTIC POLYNEUROPATHY,1
HIP PAIN,1
PEROXISOMAL DISORDERS,1
LARYNGEAL EDEMA,1
FAMILIAL PRIMARY HYPOALPHALIPOPROTEINEMIA,1
CARTICOBASAL DEGENERATION,1
PICK'S DISEASE,1
PIGMENTED VILLONODULAR SYNOVITIS OR GIANT CELL TUMOR OF THE TENDON SHEATH,1
TONSILLECTOMY,1
PITUIARY TUMOR,1
PLANTAR FASCIITIS,1
PLANTAR WARTS,1
CARPAL TUNNEL SYNDROME,1
PLASMA CELL DISORDERS,1
CAROTID ATHEROSCLEROTIC PLAQUE,1
LAMBERT-EATON MYASTHENIC SYNDROME (LEMS),1
CAROTID ARTERY PLAQUE,1
PLEUROPULMONARY BLASTOMA,1
FIBROMYALGIA,1
CARDIOPULMONARY DYSFUNCTIONS,1
CARDIOPULMONARY BYPASS,1
HEART TRANSLPANTATION,1
ADENOCARCINOMA OF THE STOMACH,1
POLYCYSTIC OVARY SYNDROME,1
CARDIAC ALLOGRAFT VASCULOPATHY,1
VEXAS SYNDROME,1
POLYMYOSITIS,1
TRANSFUSIONAL IRON OVERLOAD,1
POSITRON EMISSION TOMOGRAPHY (PET),1
POST INFLAMMATORY ANOSMIA,1
IDIOPATHIC MEMBRANOUS NEPHROPATHY (IMN),1
KNEE INJURY,1
TRANSPOSITION OF THE GREAT ARTERIES (TGA),1
VIRUS-ASSOCIATED CANCER,1
POST-HERPETIC NEURALGIA (PHN),1
VITAMIN DEFICIENCY,1
FOCAL CEREBRAL ARTERIOPATHY,1
POST-POLIO SYNDROME,1
CARCINOMAS OF THE ANAL CANAL,1
HEALTHY FEMALES,1
POST-STROKE SPASTICITY OF LOWER LIMB,1
FOCAL CORTICAL DYSPLASIA (FCD),1
POSTERIOR INSTRUMENTED LUMBAR SPINAL FUSION,1
POSTERIOR UVEITIS,1
POSTEROLATERAL LUMBAR SPINAL FUSION,1
HPV-ASSOCIATED CANCER,1
ABNORMAL WOUND HEALING,1
POSTPRANDIAL HYPERLIPIDEMIA,1
POSTPRANDIAL HYPOTENSION,1
POSTTRAUMATIC JOINT CONTRACTURES,1
CANNABIS WITHDRAWAL,1
KIDNEY STONES,1
CANNABIS USE DISORDER,1
IDIOPATHIC INTRACRANIAL HYPERTENSION,1
PRE-ECLAMPSIA,1
PRECANCEROUS LESION,1
GIANT CELL TUMOR OF BONE,1
VITREOUS HEMORRHAGE,1
PRESBYOPIA,1
PRESSURE ULCERS,1
KIDNEY GRAFT FIBROSIS,1
PREVENTION OF ACUTE RENAL INJURY,1
PREVENTION OF RIGHT HEART FAILURE,1
PRIMARY ALDOSTERONISM,1
PRIMARY AMENORRHEA,1
KERATOPROSTHESIS,1
CANDIDEMIA,1
PRIMARY BLADDER OBSTRUCTION,1
JUVENILE SPONDYLOARTHRITIS,1
HRRM/HRD POSITIVE ADVANCED CANCER,1
ACUTE POST-TRAUMATIC HEADACHES,1
VULVAR CANCER,1
PRIMARY HYPERPARATHYROIDISM,1
PRIMARY IMMUNE DEFICIENCY,1
CANCER SURVIVORS,1
IDIOPATHIC INFANTILE HYPERCALCEMIA,1
CANCER ASSOCIATED CACHEXIA,1
CANAVAN DISEASE,1
CAM TYPE FEMOROACETABULAR IMPINGEMENT,1
JAW SURGERY,1
ISOLATED METHYLMALONIC ACIDEMIA,1
PRION DISEASE,1
CALCIPHYLAXIS,1
ISCHEMIC DILATED CARDIOMYOPATHY,1
ACUTE OTITIS EXTERNA,1
HEALTH IMPROVEMENT,1
TYMPANOSTOMY,1
ACUTE OPTIC NEURITIS,1
BRONCHOCONSTRICTION,1
FRONTOTEMPORAL LOBAR DEGENERATION,1
BOWEL RESECTION,1
HYPOXIC ISCHEMIC ENCEPHALOPATHY,1
VULVODYNIA,1
GLIOSARCOMA,1
BONE SCINTIGRAPHY,1
INVASIVE PULMONARY ASPERGILLOSIS,1
BLOOD INFECTION,1
BLEB,1
ACUTE HERPETIC GINGIVOSTOMATITS,1
BLASTIC PLASMACYTOID DENDRITIC CELL NEOPLASM,1
INTRACRANIAL METASTASIS,1
HYPOSPADIAS,1
VULVOVAGINAL CANDIDIASIS,1
INTRA-ABDOMINAL INFECTION,1
BK VIREMIA,1
HAIRY CELL LEUKEMIA,1
PULMONARY NODULES,1
PULMONARY VEIN STENOSIS,1
INTERMEDIATE UVEITIS,1
BIRCH POLLEN ALLERGY,1
RADIAL ARTERY OCCLUSION,1
RADIATION ASSOCIATED LUNG INJURY,1
RADIATION DERMATITIS,1
RADICULOPATHY,1
UNRESECTABLE ADVANCED PERIHILAR CHOLANGIOCARCINOMA,1
ACUTE BACTERIAL SKIN AND SKIN STRUCTURE INFECTIONS,1
UPPER AIRWAY COUGH SYNDROME,1
GASTROENTEROPANCREATIC NEUROENDOCRINE TUMORS (GEP-NET),1
BIPOLAR POSTPARTUM DEPRESSION,1
RECURRENT MISCARRIAGE,1
UPPER GASTROINTESTINAL TRACT MALIGNANCIES,1
REFRACTORY TRIGEMINAL NEURALGIA,1
RELAPSED / REFRACTORY AUTOIMMUNE NERUOLOGIC DISEASES,1
WHIM SYNDROME,1
UPSHAW-SCHULMAN SYNDROME,1
INHERITED THROMBOPHILIA,1
BASAL CELL CARCINOMA,1
BARRETT'S ESOPHAGUS (BE),1
REMNANT CHOLESTEROL,1
BACTERIAL VAGINOSIS,1
BACTERIAL PNEUMONIA,1
BACTERIAL CONJUNCTIVITIS,1
INHERITED RETINAL DISEASE (IRD),1
BACTEREMIA,1
B CELL MALIGNANCY,1
INFRAINGUINAL PERCUTANEOUS TRANSLUMINAL ANGIOPLASTY,1
UREA CYCLE DISORDERS,1
INFLAMMATORY MYOFIBROBLASTIC TUMOR,1
AUTOSOMAL DOMINANT HYPOCALCEMIA TYPE 1,1
RETROPERITONEAL SURGERY,1
AUTOIMMUNE PULMONARY ALVEOLAR PROTEINOSIS,1
INFLAMMATORY ARTHRITIS,1
AUTOIMMUNE GLOMERULAR DISEASE,1
ACTIVE ROTATOR CUFF TENDINOPATHY,1
AUTOIMMUNE CYTOPENIAS,1
RIB FRACTURES,1
RIGHT VENTRICULAR FAILURE,1
ATRIAL MITRAL REGURGITATION,1
ROTAVIRUS,1
SARCOIDOSIS-ASSOCIATED PULMONARY HYPERTENSION,1
INFANTILE SPASM,1
SARCOMERIC HYPERTROPHIC CARDIOMYOPATHY,1
INFANTILE METACHROMATIC LEUKODYSTROPHY,1
HYPOPLASTIC LEFT HEART SYNDROME (AUTO CELL-II),1
URINARY TRACT CARCINOMA,1
ATHLETE'S FOOT (TINEA PEDIS),1
SEBORRHEIC DERMATITIS,1
HEPATIC-ONLY METASTASES OF  COLORECTAL CANCER,1
SECONDARY IMMUNODEFICIENCY DISEASES,1
HAEMOPHILUS INFLUENZAE SEROTYPE A,1
ATHEROSCLEROTIC PLAQUE PROGRESSION,1
INFANTILE KRABBE DISEASE (GLOBOID CELL LEUKODYSTOPHY),1
INCREASING IN VITRO FERTILISATION (IVF) SUCCESS,1
GLOMERULONEPHRITIS,1
SEPTOPLASTY,1
HEPATIC VENO-OCCLUSIVE DISEASE,1
GLUCOCORTICOID-INDUCED OSTEOPOROSIS,1
SHOULDER REPLACEMENT,1
HYPERTROPHIC SCARS,1
SIALORRHEA,1
GYNECOLOGICAL CANCER,1
APLHA-MANNOSIDOSIS,1
SITOSTEROLEMIA,1
ANUERISMAL SUBARACHNOID HAEMORRHAGE,1
HEPATIC STEATOSIS,1
SKELETAL PATHOLOGY,1
INCOMPLETE ATYPICAL FEMUR FRACTURES,1
SLEEP DISORDER,1
SLEEP DISTURBANCES,1
SMALL BOWEL OBSTRUCTION,1
ANGIOIMMUNOBLASTIC T-CELL LYMPHOMA,1
SMALL FOR GESTATIONAL AGE,1
ANGIOGENIC SARCOMA,1
ABDOMINAL SUBCUTANEOUS FAT,1
HEPATORENAL SYNDROME TYPE 1,1
SOFT TISSUE DEFECTS,1
IMPLANTABLE CARDIOVERTER DEFIBRILLATOR,1
HEPATIC INSUFFICIENCY,1
IMPETIGO,1
ANAPLASTIC LARGE-CELL LYMPHOMA,1
HYPERTROPHIC GASTROCNEMIUS MUSCLES,1
ANAL DYSPLASIA,1
SPINOCEREBELLAR ATAXIA TYPE 2,1
SPONTANEOUS CORONARY ARTERY DISSECTION (SCAD),1
ACTIVE RADIOGRAPHIC AXIAL SPONDYLOARTHRITIS,1
MANAGEMENT OF THE MASSETER,1
ENDOGENOUS CUSHING SYNDROME,1
GLUCOSE TRANSPORTER 1 DEFICIENCY SYNDROME,1
MAST CELL ACTIVATION SYNDROME,1
ENDOCARDITIS,1
MECONIUM ASPIRATION SYNDROME,1
MECP2 DUPLICATION SYNDROME,1
IMMUNOTHERAPY-RELATED HEPATITIS,1
EMBRYONAL CENTRAL NERVOUS SYSTEM TUMOURS,1
MELANOMA NEGATIVE FOR BRAF,1
MELANOMA NEGATIVE FOR NRAS,1
EMBOLIC STROKE,1
MENIERE'S DISEASE,1
ELEVATED TRIGLYCERIDES,1
ENDOMETRIAL HYPERPLASIA,1
HYPERAMMONEMIA,1
MENSTRUAL MIGRAINE,1
IMMUNOSUPPRESSANTS,1
ECZEMA,1
MESOTHELIN-EXPRESSING CANCER,1
ECTOPIC ACTH SECRETING (EAS) TUMORS,1
HEPARIN-INDUCED THROMBOCYTOPENIA (HIT),1
METABOLIC DYSFUNCTION-ASSOCIATED STEATOTIC LIVER DISEASE (MASLD),1
ENDOMETRIOMA,1
METASTATIC B7-H3 EXPRESSING NEOPLASM,1
GENDER AFFIRMING THERAPY,1
ENTERAL FEEDING INTOLERANCE,1
DYSPHAGIA,1
MALAR BAGS,1
ACNEFORM ERUPTIONS,1
DYSLEXIA,1
METASTATIC SALIVARY GLAND NEOPLASM,1
DUODENAL BIOPSY,1
IMMUNE RELATED TOXICITY,1
EOSINOPHILIC DISEASES,1
ALLOGENEIC STEM CELL TRANSPLANT,1
METHYLMALONYL-COA MUTASE DEFICIENCY,1
MICROSCOPIC COLITIS,1
EOSINOPHILIC GASTRITIS,1
SUBCONJUNCTIVAL HEMORRHAGE,1
MIDGUT NEUROENDOCRINE TUMOUR (NET),1
DUMPING SYNDROME,1
EPENDYMOMA,1
ALLERGIC CONTACT DERMATITIS,1
LYSOSOMAL ACID LIPAS DEFICIENCY,1
MOLYBDENUM COFACTOR DEFICIENCY TYPE A,1
SUBFOVEAL NEOVASCULAR AGE-RELATED MACULAR DEGENERATION,1
MOOD & METABOLIC DISORDERS,1
GOUT,1
EPITHELIOID SARCOMA,1
HEREDITARY PERIODIC FEVERS,1
SUDDEN DEAFNESS,1
EPSTEIN-BARR VIRUS - ASSOCIATED POST TRANSPLANT LYMPHOPROLIFERATIVE DISEASE,1
MULTIPLE OSTEOCHONDROMAS,1
ALCOHOL WITHDRAWAL SYNDROME,1
GRIN DISORDERS,1
HERNIA,1
DIGITAL NERVE LACERATION,1
DIFFUSE CUTANEOUS SYSTEMIC SCLEROSIS,1
AGGRESSIVE FIBROMATOSIS,1
MYELIN OLIGODENDROCYTE GLYCOPROTEIN-ANTIBODY-ASSOCIATED DISEASE,1
HERPES SIMPLEX VIRUS (HSV),1
DIABETIC FOOT ULCERS,1
SYMPTOMATIC PULMONARY HYPERTENSION ASSOCIATED WITH IDIOPATHIC INTERSTITIAL PNEUMONIAS,1
VAGINECTOMY,1
DENSE BREASTS,1
DENGUE,1
DEMORALIZATION SYNDROME,1
MYOCARDIAL FIBROSIS,1
DEGENERATIVE SPONDYLOLISTHESIS,1
EPSTEIN-BARR VIRUS-RELATED LYMPHOPROLIFERATIVE DISEASES,1
MYOCARDIAL RECOVERY,1
MYOCARDITIS,1
CYSTINOSIS,1
LUNG TRANSPLANTATION,1
CYSTIC LESIONS,1
ERECTILE DYSFUNCTION,1
CUTANEOUS MASTOCYTOSIS WITH HANDICAP,1
CRYOPYRIN-ASSOCIATED PERIODIC SYNDROME,1
CROUP,1
NECROTIZING ENTEROCOLITIS,1
NEONATAL STROKE,1
ILEOSTOMY,1
SYSTEMIC EMBOLISM,1
NEPHROTIC SYNDROME,1
COW'S MILK ALLERGY,1
LUNG DISORDERS,1
NEURODEGENERATIVE DEMENTIAS,1
CORNEAL MELT,1
IGE-MEDIATED FOOD ALLERGY,1
VASCULAR DEPRESSION,1
NEUROGENIC BLADDER DYSFUNCTION,1
ADVERSE VASCULAR EVENTS,1
NEUROINFLAMMATION,1
ERYTHROCYTE MEMBRANOPATHIES,1
NEURONAL CEROID LIPOFUSCINOSIS TYPE 1 (CLN1),1
EUVOLEMIC OR HYPERVOLEMIC HYPONATREMIA,1
NEUROSURGICAL CRANIAL PROCEDURES,1
T CELL MALIGNANCY,1
NEUTROPSYCHIATRIC CONDITIONS,1
ACID SPHINGOMYELINASE DEFICIENCY,1
NODAL SOLID TUMORS,1
HEMOPHAGOCYTIC LYMPHO HISTIOCYTOSIS,1
TAUOPATHY,1
UV-INDUCED IMMUNOSUPRESSION,1
CONGENITAL ACHROMATOPSIA,1
NON-PROLIFERATIVE DIABETIC RETINOPATHY,1
EXPANDED CORD BLOOD TRANSPLANTATION,1
COMPLEX PERIANAL FISTULA,1
COMPLEX CARDIOVASCULAR SURGERY,1
COMMON COLD,1
COAGULOPATHY,1
FACIAL AGING,1
TAY-SACHS DISEASE,1
NOONAN SYNDROME,1
NOSEBLEED,1
NOTALGIA PARESTHETICA,1
NUT MIDLINE CARCINOMA (NMC),1
CLEAR CELL SARCOMA,1
CIRCULATING TUMOR DNA (CTDNA) POSITIVE,1
