Sponsor,Total Protocols,Distinct Brands
NOVARTIS PHARMACEUTICALS CANADA INC,329,222
MERCK CANADA INC,288,202
HOFFMANN-LA ROCHE LIMITED,264,224
BRISTOL-MYERS SQUIBB CANADA,236,188
ASTRAZENECA CANADA INC,212,144
ABBVIE CORPORATION,212,109
GLAXOSMITHKLINE INC,204,135
ELI LILLY CANADA INC,169,102
UNIVERSITY HEALTH NETWORK,160,149
JANSSEN INC,153,108
AMGEN CANADA INC,142,96
SANOFI-AVENTIS CANADA INC,133,76
PFIZER CANADA ULC,132,101
BOEHRINGER INGELHEIM (CANADA) LTD LTEE,128,63
GILEAD SCIENCES CANADA INC,118,73
NOVO NORDISK CANADA INC,98,53
"CANADIAN CANCER TRIALS GROUP, CANCER RESEARCH INSTITUTE, QUEEN'S UNIVERSITY",97,80
ASTRAZENECA AB,96,80
BAYER INC,91,65
SUNNYBROOK RESEARCH INSTITUTE,87,70
GOVERNORS OF THE UNIVERSITY OF ALBERTA,86,72
PRINCESS MARGARET CANCER CENTRE,76,73
INCYTE CORPORATION,74,35
CHILDRENS ONCOLOGY GROUP,72,78
PFIZER CANADA INC,71,41
REGENERON PHARMACEUTICALS INC,71,57
TAKEDA DEVELOPMENT CENTER AMERICAS INC,70,47
CENTRE FOR ADDICTION AND MENTAL HEALTH,66,55
OTTAWA HOSPITAL RESEARCH INSTITUTE,60,51
HAMILTON HEALTH SCIENCES CORPORATION,59,50
JANSSEN RESEARCH AND DEVELOPMENT LLC,53,36
GENENTECH INC,51,48
THE HOSPITAL FOR SICK CHILDREN,51,44
ALEXION PHARMACEUTICALS INC,45,26
UCB INC,45,17
RESEARCH INSTITUTE OF THE MCGILL UNIVERSITY HEALTH CENTRE,44,39
MCMASTER UNIVERSITY,44,41
VERTEX PHARMACEUTICALS INC,43,30
CELGENE INC,38,31
IONIS PHARMACEUTICALS INC,38,23
UNIVERSITY OF CALGARY,38,30
ASTELLAS PHARMA GLOBAL DEVELOPMENT INC,36,27
TEVA BRANDED PHARMACEUTICAL PRODUCTS R&D INC,32,18
NRG ONCOLOGY,32,26
ST MICHAELS HOSPITAL,32,27
BIOGEN MA INCORPORATED,30,21
ALLERGAN INC,28,16
SANOFI AVENTIS RECHERCHE & DEVELOPPEMENT,28,19
EISAI INC,28,24
GOVERNORS OF THE UNIVERSITY OF CALGARY,28,21
UNIVERSITY OF MANITOBA,27,23
BRISTOL-MYERS SQUIBB CANADA CO.,27,21
DAIICHI SANKYO INC,27,24
ARGENX BV,27,13
SEAGEN INC.,25,24
HOSPITAL FOR SICK CHILDREN,24,21
LONDON HEALTH SCIENCES CENTRE,24,23
JEWISH GENERAL HOSPITAL,24,26
CENTRE HOSPITALIER DE L'UNIVERSITÉ DE MONTRÉAL,24,20
PET CENTRE CENTRE FOR ADDICTION AND MENTAL HEALTH,22,20
ALNYLAM PHARMACEUTICALS INC,21,17
"BC CANCER, PART OF THE PROVINCIAL HEALTH SERVICES AUTHORITY",21,21
ALBERTA HEALTH SERVICES,20,19
MILLENNIUM PHARMACEUTICALS INC,20,17
CSL BEHRING,19,15
ST. JOSEPH'S HEALTHCARE HAMILTON,19,14
OTTAWA HEART INSTITUTE RESEARCH CORPORATION,19,17
"EMD SERONO RESEARCH & DEVELOPMENT INSTITUTE, INC",19,17
PTC THERAPEUTICS INC,18,11
VERTEX PHARMACEUTICALS (CANADA) INCORPORATED,18,18
UNIVERSITY OF SASKATCHEWAN,18,16
"MODERNATX, INC.",18,14
ULTRAGENYX PHARMACEUTICAL INC,18,12
CHU DE QUÉBEC-UNIVERSITÉ LAVAL,18,16
MCGILL UNIVERSITY HEALTH CENTRE,18,18
MEDIMMUNE LLC,18,16
CENTRE HOSPITALIER UNIVERSITAIRE SAINTE-JUSTINE,17,15
UNIVERSITY OF BRITISH COLUMBIA,17,17
VIIV HEALTHCARE UK LIMITED,17,12
MOUNT SINAI HOSPITAL,16,14
"ARROWHEAD PHARMACEUTICALS, INC.",16,11
CROSS CANCER INSTITUTE - CANCER CARE ALBERTA,16,15
OTSUKA PHARMACEUTICAL DEVELOPMENT & COMMERCIALIZATION INC,15,10
"CYTOKINETICS, INCORPORATED",15,10
INSIGHTEC,15,9
SUMITOMO DAINIPPON PHARMA ONCOLOGY INC,15,12
SERVIER CANADA INC,15,14
"ARCUTIS BIOTHERAPEUTICS, INC",15,6
LEO PHARMA AS,15,10
THE GOVERNORS OF THE UNIVERSITY OF ALBERTA,14,14
"KARYOPHARM THERAPEUTICS, INC.",14,7
MONTREAL HEART INSTITUTE,14,11
BEONE MEDICINES LTD.,14,13
SHIRE HUMAN GENETIC THERAPIES INC,14,12
LAWSON HEALTH RESEARCH INSTITUTE,13,10
TAIHO ONCOLOGY INC.,13,10
AMGEN INC,13,11
AB SCIENCE S.A.,13,3
CIUSSS DE L'ESTRIE - CENTRE HOSPITALIER UNIVERSITAIRE DE SHERBROOKE,12,12
MEDICAGO INC,12,6
DERMIRA INCORPORATED,12,5
MERCK KGAA,11,10
AGIOS PHARMACEUTICALS INC,11,3
FERRING INC,11,7
LEO PHARMA INC,11,5
ARRAY BIOPHARMA INC,11,10
PRINCESS MARGARET HOSPITAL PHASE 2 CONSORTIUM,11,9
CLOVIS ONCOLOGY INC,10,4
TORONTO GENERAL HOSPITAL,10,10
H. LUNDBECK A/S,10,6
WAVE LIFE SCIENCES UK LTD,10,7
MCGILL UNIVERSITY,10,7
ROBARTS RESEARCH INSTITUTE,10,3
HOPITAL MAISONNEUVE ROSEMONT,10,10
MERCK SHARP & DOHME CORP,10,7
KITEPHARMA INC,10,4
JAZZ PHARMACEUTICALS INC,10,8
LEXICON PHARMACEUTICALS INC,10,4
BIOCRYST PHARMACEUTICALS INC,10,5
NCIC CLINICAL TRIALS GROUP QUEENS UNIVERSITY,9,9
JAZZ PHARMACEUTICALS IRELAND LIMITED,9,8
QUEENS UNIVERSITY,9,9
"RHYTHM PHARMACEUTICALS, INC",9,3
CIRCASSIA LTD,9,6
C17 COUNCIL,9,8
DOUGLAS MENTAL HEALTH UNIVERSITY INSTITUTE,9,6
IMMUNOVANT SCIENCES GMBH,9,5
NEUROCRINE BIOSCIENCES INC,9,6
IDORSIA PHARMACEUTICALS LTD,9,6
DBV TECHNOLOGIES SA,9,6
NS PHARMA INC,8,7
BOEHRINGER INGELHEIM INTERNATIONAL GMBH,8,5
MACROGENICS INC,8,8
UNITED THERAPEUTICS CORPORATION,8,3
ACCELERON PHARMA INC,8,3
ARENA PHARMACEUTICALS INC,8,3
"SAREPTA THERAPEUTICS, INC",8,6
ASTEX PHARMACEUTICALS INC.,8,7
SANOTIZE RESEARCH & DEVELOPMENT CORP,8,3
GALDERMA CANADA INC,8,7
"APELLIS PHARMACEUTICALS, INC",8,2
ABBVIE INC,8,8
ACTELION PHARMACEUTICALS CANADA INC,8,4
BLUEPRINT MEDICINES CORPORATION,8,4
"JAEB CENTER FOR HEALTH RESEARCH FOUNDATION, INC",8,5
LUMENA PHARMACEUTICALS INC,8,2
"QED THERAPEUTICS, INC.",8,4
EXELIXIS INC,8,7
PRINCESS MARGARET HOSPITAL PHASE I CONSORTIUM,8,8
BRITISH COLUMBIA CHILDRENS HOSPITAL,8,7
VIIV HEALTHCARE ULC,8,5
MEDIMMUNE LIMITED,8,6
BAXALTA US INC,7,7
GENZYME CORPORATION,7,5
MILESTONE PHARMACEUTICALS INC,7,1
XENON PHARMACEUTICALS INC,7,4
UNITY HEALTH TORONTO,7,7
ST JOSEPHS HEALTHCARE,7,6
ENDOCEUTICS INC,7,3
"REVANCE THERAPEUTICS, INC.",7,2
CRISPR THERAPEUTICS INC,7,7
PHARVARIS NETHERLANDS B.V.,7,3
ADAPTIMMUNE LLC,7,6
"ESPERION THERAPEUTICS, INC",7,3
ZEALAND PHARMA A/S,7,3
ANAPTYSBIO INC,7,7
SPECTRUM PHARMACEUTICALS INC,7,7
IMMUNOGEN INC,7,5
IMMUNOCORE LTD.,7,6
CHILDRENS HOSPITAL OF EASTERN ONTARIO,7,7
SPARK THERAPEUTICS INC,7,7
ALDEYRA THERAPEUTICS INC,7,4
DERMAVANT SCIENCES GMBH,7,3
ALKERMES INC,7,4
DECIPHERA PHARMACEUTICALS. LLC,7,5
HORIZON THERAPEUTICS IRELAND DAC,7,7
TESARO INC,7,4
ONTARIO CLINICAL ONCOLOGY GROUP,7,6
LOXO ONCOLOGY INC,7,6
"MIRUM PHARMACEUTICALS, INC",7,5
C17,7,14
NUBIYOTA,7,5
"AXSOME THERAPEUTICS, INC.",6,4
CSL BEHRING GMBH,6,5
PHARMACYCLICS LLC,6,6
MULTIDISIPLINARY ASSOCIATION FOR PSYCHEDELIC STUDIES,6,1
"EPIZYME, INC.",6,4
BIOMARIN PHARMACEUTICAL INC,6,5
TAURX THERAPEUTICS LTD,6,3
APOPHARMA INC,6,2
ST PAULS HOSPITAL VANCOUVER,6,6
CHIMERIX INC,6,3
BAXALTA INNOVATIONS GMBH,6,6
METSERA INC,6,6
CYMABAY THERAPEUTICS INC,6,4
MOONLAKE IMMUNOTHERAPEUTICS AG,6,1
ASSEMBLY BIOSCIENCES INCORPORATED,6,5
THERAVANCE BIOPHARMA IRELAND LIMITED,6,3
NEKTAR THERAPEUTICS,6,5
INTERCEPT PHARMACEUTICALS INC,6,4
"GALDERMA RESEARCH & DEVELOPMENT, LLC",6,2
GRIFOLS THERAPEUTICS INC,6,4
BIONTECH SE,6,6
KARTOS THERAPEUTICS INC,6,5
INSMED INC,6,3
"SAGE THERAPEUTICS, INC",6,3
AVIDITY BIOSCIENCES,6,4
DR NAVEEN POONAI,6,5
"EIDOS THERAPEUTICS, INC.",6,3
LUNDBECK CANADA INC,6,3
"GENMAB US, INC",6,6
ACERTA PHARMA BV,6,6
ST JOSEPHS HEALTH CENTRE LONDON,6,6
REBIOTIX INC,6,2
IMMUNOVACCINE TECHNOLOGIES,6,6
ABIVAX SA,6,2
"ARCUS BIOSCIENCES, INC.",6,6
PRINCIPIA BIOPHARMA INC,5,3
CHU SAINTE JUSTINE,5,5
ALECTOR INC,5,5
CORCEPT THERAPEUTICS INC,5,4
"GENZYME, A SANOFI COMPANY",5,4
CIUSSS DE L'EST DE L'ILE-DE-MONTRÉAL,5,5
PURDUE PHARMA,5,2
QU BIOLOGICS INC,5,4
RA PHARMACEUTICALS INC,5,2
FIBROGEN INCORPORATED,5,3
ALUMIS INC.,5,2
FORMA THERAPEUTICS INC,5,3
COHERUS BIOSCIENCES INC.,5,4
FORUM PHARMACEUTICALS INC,5,2
RIGEL PHARMACEUTICALS INC.,5,2
GALAPAGOS NV,5,3
IPSEN INNOVATION,5,4
KINGSTON HEALTH SCIENCE CENTRE,5,5
"AIMMUNE THERAPEUTICS, INC",5,4
UNIVERSITY OF ALBERTA,5,5
"CANADIAN IMMUNIZATION RESEARCH NETWORK (CIRN), DALHOUSIE UNIVERSITY",5,5
CARA THERAPEUTICS,5,2
THUNDER BAY REGIONAL HEALTH RESEARCH INSTITUTE,5,5
"CARDURION PHARMACEUTICALS, INC",5,3
NONO INC,5,3
"CASSAVA SCIENCES, INC.",5,2
"IDEAYA BIOSCIENCES, INC.",5,5
"AEGLEA BIOTHERAPEUTICS, INC",5,3
CELLDEX THERAPEUTICS INC,5,4
ASANA BIOSCIENCES LLC,5,2
OCTAPHARMA PHARMAZEUTIKA PRODUKTIONSGES M B H,5,5
CENTRE INTEGRE UNIVERSITAIRE DE SANTE ET DE SERVICES SOCIAUX DE L'EST DE MONTREA,5,4
SYNDAX PHARMACEUTICALS INC,5,4
SYMPHOGEN A/S,5,5
"SUMITOMO PHARMA AMERICA, INC",5,4
STEMLINE THERAPEUTICS INC,5,4
ST PAUL'S SINUS CENTRE,5,5
"KOWA RESEARCH INSTITUTE, INC",5,4
ENANTA PHARMACEUTICALS INC,5,3
ZOGENIX INTERNATIONAL LIMITED,5,1
CHIESI FARMACEUTICI S.P.A.,5,5
GLOBAL BLOOD THERAPEUTICS INC,5,3
THE MEDICINES COMPANY,4,4
CELGENE INTERNATIONAL II SARL (CIS II),4,3
DAY ONE BIOPHARMACEUTICALS INC,4,4
SHIRE PHARMA CANADA ULC,4,4
"ASTRIA THERAPEUTICS, INC.",4,3
ID BIOMEDICAL CORPORATION OF QUEBEC,4,3
ALK- ABELLO A/S,4,4
"SURFACE ONCOLOGY, INC.",4,4
CATABASIS PHARMACEUTICALS INC,4,2
1GLOBE HEALTH INSTITUTE,4,4
"KITE, A GILEAD COMPANY",4,4
"DERMAVANT SCIENCES, INC",4,1
ESCIENT PHARMCEUTICALS INC,4,2
CANCER CARE PROVINCIAL HEALTH CORPORATION,4,4
"ORUKA THERAPEUTICS, INC.",4,2
INFINITY PHARMACEUTICALS INC,4,4
"INOVIO PHARMACEUTICALS, INC.",4,2
OTONOMY INC,4,2
ACADIA PHARMACEUTICALS INC,4,2
TURNSTONE BIOLOGICS,4,4
"ANTHOS THERAPEUTICS, INC.",4,2
NATIONAL INSTITUTE OF HEALTH,4,4
EVELO BIOSCIENCES INC,4,3
"ALBERTA HEALTH SERVICES, CROSS CANCER INSTITUTE",4,4
EISAI LIMITED,4,4
MYOVANT SCIENCES GMBH,4,2
"VIR BIOTECHNOLOGY, INC.",4,4
DOW PHARMACEUTICAL SCIENCES,4,2
ARIAD PHARMACEUTICALS INC,4,3
DR MATTHIAS FRIEDRICH,4,2
MONTREAL NEUROLOGICAL INSTITUTE,4,4
"BAUSCH HEALTH AMERICAS, INC.",4,4
MOMENTA PHARMACEUTICALS INC,4,2
"MITSUBISHI TANABE PHARMA AMERICA, INC.",4,2
UNIVERSITY OF OTTAWA HEART INSTITUTE,4,4
ST. MICHAEL'S HOSPITAL UNITY HEALTH TORONTO,4,4
PEDIATRIC BRAIN TUMOUR CONSORTIUM,4,4
"EMALEX BIOSCIENCES, INC",4,2
UNIVERSITY OF OTTAWA INSTITUTE OF MENTAL HEALTH RESEARCH,4,3
BIOGEN IDEC MA INC,4,4
AKCEA THERAPEUTICS INC,4,4
INVERSAGO PHARMA INC,4,2
SEATTLE GENETICS INC,4,4
PEPGEN INC.,4,2
KALVISTA PHARMACEUTICALS LTD.,4,2
"MERSANA THERAPEUTICS, INC",4,4
CHEMOCENTRYX INC,4,3
MERRIMACK PHARMACEUTICALS,4,4
ARBUTUS BIOPHARMA CORPORATION,4,4
BLOORVIEW RESEARCH INSTITUTE,4,4
BRAIN AND COGNITION DISCOVERY FOUNDATION,4,3
PRINCESS MARGARET HOSPITAL,4,4
"IOVANCE BIOTHERAPEUTICS, INC",4,4
BELLUS HEALTH INC,4,3
UNIVERSITÉ DE SHERBROOKE,4,4
IPSEN BIOSCIENCE INC,4,3
PHARMAESSENTIA CORPORATION,4,2
MEDIVATION INC,4,4
IPSEN PHARMA,4,3
"USWM CT, LLC",4,3
"COGENT BIOSCIENCES, INC.",4,3
REVERAGEN BIOPHARMA INC,4,2
ADAMAS PHARMACEUTICALS INC.,4,1
SHIONOGI INC,4,4
ASTELLAS PHARMA EUROPE B.V.,4,2
FOREST RESEARCH INSTITUTE,4,3
COLLABORATIVE NETWORK FOR NEURO-ONCOLOGY CLINICAL TRIALS (CONNECT),4,4
RTOG FOUNDATION,4,4
GB002 INC.,4,3
ITALFARMACO S.P.A.,4,2
SALIX PHARMACEUTICALS INC,4,1
POPULATION HEALTH RESEARCH INSTITUTE,4,3
ATEA PHARMACEUTICALS INC,4,4
"VERA THERAPEUTICS, INC",4,4
PRINCESS MARGARET PHASE I CONSORTIUM,4,4
SOLAEROMED INC,4,2
SINAI HEALTH SYSTEM,4,3
"ATARA BIOTHERAPEUTICS, INC",4,3
VERASTEM INCORPORATED,4,4
ALBIREO AB,4,2
ASCENTAGE PHARMA GROUP INC.,4,4
DAIICHI SANKYO PHARMA DEVELOPMENT,4,3
LIB THERAPEUTIC LLC,4,1
ASCENDIS PHARMA GROWTH DISORDERS A/S,4,2
AXOVANT SCIENCES LTD,4,1
CIUSSS DU NORD-DE-L'ILE-DE-MONTRÉAL - HÔPITAL DU SACRÉ-COEUR DE MONTRÉAL.,4,4
ASCENDIS PHARMA ENDOCRINOLOGY DIVISION A/S,4,2
"NUVALENT, INC.",4,3
NSABP FOUNDATION INC,4,4
CENTRE INTÉGRÉ UNIVERSITAIRE DE SANTÉ ET DE SERVICES SOCIAUX,4,4
NOVA SCOTIA HEALTH AUTHORITY,3,3
"KINIKSA PHARMACEUTICALS, LTD.",3,2
BIOBLAST PHARMA LTD,3,2
KYOWA KIRIN PHARMACEUTICAL DEVELOPMENT INC,3,3
BIOGEN CANADA INC,3,3
LABORATOIRES THEA,3,3
LAURENT PHARMACEUTICALS,3,1
BIOHAVEN THERAPEUTICS LTD,3,2
"APOGEE THERAPEUTICS, INC",3,2
ALCON RESEARCH LIMITED,3,3
"LONGBOARD PHARMACEUTICALS, INC.",3,1
BIOVERATIV THERAPEUTICS INC,3,3
"MAPLIGHT THERAPEUTICS, INC.",3,2
"MARINUS PHARMACEUTICALS, INC.",3,1
ADC THERAPEUTICS SA,3,3
AQUINOX PHARMACEUTICALS INC,3,1
DR STEPHANIE LHEUREUX,3,3
ALETHIA BIOTHERAPEUTICS INC,3,1
MEI PHARMA INC,3,3
MEIRAGTX LLC,3,2
MERUS B.V.,3,3
MERZ PHARMACEUTICALS GMBH,3,3
MEZZION PHARMA CO. LTD.,3,1
MITSUBISHI TANABE PHARMA DEVELOPMENT AMERICA INC,3,3
CALITHERA BIOSCIENCES INC,3,3
CALLIDITAS THERAPEUTICS AB,3,3
"ARETEIA THERAPEUTICS, INC",3,1
MYELOMA CANADA RESEARCH NETWORK,3,3
CANADIAN CENTER FOR VACCINOLOGY (CCFV),3,3
NATIONAL CANCER INSTITUTE DIVISION OF CANCER PREVENTION,3,1
ARISTEA THERAPEUTICS INC,3,1
"DR. JOHN KURUVILLA, UNIVERSITY HEALTH NETWORK",3,3
DR. JOSHUA D. ROSENBLAT,3,3
"ARRIVENT BIOPHARMA, INC.",3,3
CARDIOL THERAPEUTICS INC,3,1
ACELYRIN INC.,3,1
DR. STEEVE PROVENCHER,3,2
OCTAPHARMA AG,3,3
"ODONATE THERAPEUTICS, INC",3,3
"OLEMA PHARMACEUTICALS, INC.",3,3
CENTRE DE RECHERCHE DU CHUS,3,3
CENTRE FOR PROBE DEVELOPMENT AND COMMERCIALIZATION,3,3
CENTRE HOSPITALIER UNIVERSITAIRE DE QUEBEC,3,3
CENTRE HOSPITALIER UNIVERSITAIRE DE SHERBROOKE,3,3
DYAX CORP,3,3
ONYX THERAPEUTICS INC,3,3
ALLOGENE THERAPEUTICS INC,3,3
"ALLOVIR, INC",3,3
"ORIC PHARMACEUTICALS, INC.",3,3
"EIGER BIOPHARMACEUTICALS, INC",3,2
CEREVEL THERAPEUTICS LLC,3,2
"ELEDON PHARMACEUTICALS, INC.",3,2
35PHARMA INC.,3,2
ELEVEN BIOTHERAPEUTICS INC,3,2
"CG ONCOLOGY, INC",3,3
PEARL THERAPEUTICS INC,3,3
PEDIATRIC ONCOLOGY EXPERIMENTAL THERAPEUTIC INVESTIGATOR CONSORTIUM,3,3
"PHARMA MAR, S.A.",3,3
PHARMACYCLICS INC,3,3
PLIANT THERAPEUTICS INC,3,3
CHILDRENS HOSPITAL OF EASTERN ONTARIO RESEARCH INSTITUTE,3,3
PROGENICS PHARMACEUTICALS INC,3,3
"PROMETHEUS BIOSCIENCES, INC.",3,2
CHX TECHNOLOGIES INC,3,2
PROQR THERAPEUTICS IV BV,3,2
PROTAGONIST THERAPEUTICS INC,3,3
PROTALIX LTD,3,1
PROTEOSTASIS THERAPEUTICS INC,3,3
PUMA BIOTECHNOLOGY INC,3,3
Q-MED AB,3,1
QUARK PHARMACEUTICALS INC,3,2
FINCH RESEARCH AND DEVELOPMENT LLC,3,3
CLEMENTIA PHARMACEUTICALS INC.,3,2
"RAYZEBIO, INC.",3,3
REATA PHARMACEUTICALS INC,3,1
REGENXBIO  INC,3,3
"RELAY THERAPEUTICS, INC.",3,3
REPARE THERAPEUTICS,3,3
ACORDA THERAPEUTICS INC,3,2
FUSION PHARMACEUTICALS INC.,3,3
GALERA THERAPEUTICS INC,3,3
ALX ONCOLOGY INC.,3,3
"CONCERT PHARMACEUTICALS, INC.",3,2
GE HEALTHCARE LTD  & AFFILIATES,3,3
SANOFI PASTEUR INC,3,3
CORBUS PHARMACEUTICALS INC,3,1
GILBERT BLAISE INC,3,2
SERES THERAPEUTICS,3,2
SHATTUCK LABS INC,3,3
AURIS MEDICAL INC,3,3
CORVUS PHARMACEUTICALS INC,3,3
"SOLID BIOSCIENCES, INC.",3,2
89BIO INC.,3,2
AGENSYS INC,3,3
CPC CLINICAL RESEARCH,3,1
AVALYN PHARMA INC,3,2
ST BONIFACE GENERAL HOSPITAL,3,3
AVEO PHARMACEUTICALS INC,3,3
ST JUDE CHILDRENS RESEARCH HOSPITAL,3,3
GREEN CROSS CORPORATION,3,3
AVID RADIOPHARMACEUTICALS INC,3,2
STEMCELLS INC,3,2
SUMMIT THERAPEUTICS INC.,3,3
GW RESEARCH LIMITED,3,2
HAL ALLERGY BV,3,3
SUSTAINED THERAPEUTICS INC,3,2
CUBIST PHARMACEUTICALS CANADA INC.,3,1
SWEDISH ORPHAN BIOVITRUM AB (PUBL),3,3
"CUTANEA LIFE SCIENCES, INC",3,1
"SYNTHETIC BIOLOGICS, INC",3,3
TAYSHA GENE THERAPIES INC.,3,3
HOPITAL CHARLES LEMOYNE,3,3
TETRA BIO-PHARMA INC.,3,3
DANA FARBER CANCER INSTITUTE,3,3
DEBIOPHARM INTERNATIONAL SA,3,3
DENALI THERAPEUTICS INC.,3,1
"IGM BIOSCIENCES, INC.",3,2
THUNDER BAY REGIONAL RESEARCH INSTITUTE,3,3
"TOBIRA THERAPEUTICS, INC",3,1
"TORL BIOTHERAPEUTICS, LLC",3,3
TORONTO WESTERN HOSPITAL,3,3
DICERNA PHARMACEUTICALS INC,3,2
"TREELINE BIOSCIENCES, INC.",3,3
ANAVEX CANADA LTD.,3,2
INMAGENE LLC,3,1
INNOVADERM RESEARCH INC,3,3
"INOZYME PHARMA, INC.",3,1
UCB CANADA INC,3,1
UNIQURE BIOPHARMA B.V.,3,2
INSTITUT UNIVERSITAIRE DE CARDIOLOGIE ET DE PNEUMOLOGIE DE QUEBEC,3,3
UNIVERSITY MEDICAL CENTER GRONINGEN,3,3
INSTITUTO GRIFOLS S.A.,3,3
UNIVERSITY OF MARYLAND,3,3
BAXTER HEALTHCARE CORPORATION,3,3
UROVANT SCIENCES GMBH,3,2
AKEBIA THERAPEUTICS INC,3,1
"AKERO THERAPEUTICS, INC",3,2
VANCOUVER GENERAL HOSPITAL,3,3
ISIS PHARMACEUTICALS INC,3,3
"BC CANCER, PART OF THE PROVINCIAL HEALTH SERVICES AUTHORITY - VANCOUVER CENTER",3,3
VBI VACCINES,3,2
AKROS PHARMA INC,3,3
JANSSEN R&D IRELAND,3,3
"VIRIDIAN THERAPEUTICS, INC.",3,1
BEAT CHILDHOOD CANCER,3,3
VTV THERAPEUTICS LLC,3,1
BEAT CHILDHOOD CANCER RESEARCH CONSORTIUM,3,3
WOMENS COLLEGE HOSPITAL,3,3
DR EVDOKIA ANAGNOSTOU,3,3
XENCOR INC.,3,3
BELLEROPHON PULSE TECHNOLOGIES LLC,3,1
ZUCARA THERAPEUTICS INC.,3,3
DR JEAN-PIERRE ROUTY,3,3
SHIRE VIROPHARMA INC,2,2
AMACATHERA INC.,2,1
PRELUDE THERAPEUTICS,2,2
"SICHUAN KELUN-BIOTECH BIOPHARMACEUTICAL CO., LTD",2,2
ANNEXON BIOSCIENCES,2,2
SIENNA BIOPHARMACEUTICALS INC,2,2
"SIERRA ONCOLOGY, INC",2,2
SIGNALCHEM LIFESCIENCES CORPORATION,2,2
GLENMARK PHARMACEUTICALS S.A,2,1
PRAXIS PRECISION MEDICINE,2,2
SLING THERAPEUTICS INC,2,2
"SOBI, INC",2,2
ERASCA INC,2,2
"VENTYX BIOSCIENCES, INC.",2,2
"AUSPEX PHARMACEUTICALS, INCORPORATED",2,1
MCMASTER CHILDRENS HOSPITAL,2,2
"EQUILLIUM, INC.",2,2
DR SOUVIK MITRA,2,2
"EPYGENIX THERAPEUTICS, INC.",2,1
DR SOHEL SOMANI,2,2
POINT BIOPHARMA,2,2
"BLUEFIN BIOMEDICINE, INC",2,1
"SPRING BANK PHARMACEUTICALS, INC",2,2
AVANIR PHARMACEUTICALS,2,1
"SPRINGWORKS THERAPEUTICS, INC.",2,2
"SPRUCE BIOSCIENCE, INC.",2,1
CRISPR THERAPEUTICS AG,2,2
PHAROS PHARMACEUTICAL ORIENTED SERVICES SINGLE MEMBER LTD.,2,2
PHARNEXT,2,1
ENDOCYTE INC,2,2
ZENAS BIOPHARMA (USA) LLC,2,2
VERSARTIS INC,2,2
"ALPINE IMMUNE SCIENCES, INC.",2,2
ENDEAVOR BIOMEDICINES,2,1
ST JOSEPHS HOSPITAL HAMILTON,2,2
BIOVERATIV USA INC,2,1
PHARMACOSMOS A/S,2,2
PETER MACCALLUM CANCER CENTRE,2,2
"PELLEPHARM, INC",2,2
ASSISTANCE PUBLIQUE - HÔPITAUX DE PARIS,2,2
CROSS CANCER INSTITUTE,2,2
PEDIATRIC TRANSPLANTATION AND CELLULAR THERAPY CONSORTIUM,2,2
"PEDAL BLOOD CANCER UNITED, LLC",2,2
STALLERGENES S.A.,2,2
ELOXX PHARMACEUTICALS INC,2,1
MALLINCKRODT ARD INC,2,1
"VERVE THERAPEUTICS, INC., A WHOLLY OWNED SUBSIDIARY OF ELI LILLY AND COMPANY",2,2
"PASSAGE BIO, INC.",2,2
MADRIGAL PHARMACEUTICALS INC,2,1
"EIKON THERAPEUTICS, INC.",2,2
OSMOTICA PHARMACEUTICAL CORPORATION,2,1
CSL BEHRING CANADA INC,2,2
"GRIN THERAPEUTICS, INC",2,1
SUCAMPO AG,2,2
OSE IMMUNOTHERAPEUTICS,2,2
ORPHAZYME A/S,2,1
GRUNENTHAL GMBH,2,2
SUMMIT (OXFORD) LIMITED,2,1
GUARD THERAPEUTICS INTERNATIONAL AB,2,2
VIACYTE INC,2,2
ORION CORPORATION,2,1
ANTHERA PHARMACEUTICALS INC,2,2
SUN PHARMACEUTICAL INDUSTRIES LIMITED,2,2
ORGANON LLC,2,2
DR DAREN HEYLAND,2,2
ORGANON CANADA INC.,2,2
SUNOVION PHARMACEUTICALS INC,2,1
AEROVATE THERAPEUTICS INC,2,1
"EDITAS MEDICINE, INC.",2,2
"VIFOR PHARMA, INC.",2,2
SUTRO BIOPHARMA,2,1
ABLYNX NV,2,2
BIOTIE THERAPIES INC,2,1
SWEDISH ORPHAN BIOVITRUM AG (SOBI AG),2,2
OPTINOSE US INC,2,1
EDGE THERAPEUTICS INC,2,1
CUBIST PHARMACEUTICALS LLC,2,2
OPTHEA LIMITED,2,2
SYNERGY PHARMACEUTICALS INC,2,1
LYCERA CORP,2,1
"EDESA BIOTECH RESEARCH, INC",2,2
AVROBIO INC,2,2
VIRACTA THERAPEUTICS INC.,2,2
ASLAN PHARMACEUTICALS PTE. LTD,2,2
HEXIRIS INC.,2,1
SYROS PHARMACEUTICALS INC,2,2
"AEROGEN PHARMA, LTD.",2,1
ONCOETHIX GMBH,2,1
"AXCELLA HEALTH, INC",2,2
CENTRE DE RECHERCHE DU CHU DE QUEBEC,2,2
OMEROS CORPORATION,2,2
CENTRE DE RECHERCHE DU CENTRE HOSPITALIER UNIVERSITAIRE DE SHERBROOKE,2,2
CENTRE DE RECHERCHE DU CENTRE HOSPITALIER DE L'UNIVERSITÉ DE MONTRÉAL,2,2
AERIE PHARMACEUTICALS INC,2,2
DR JONATHAN BEAUDOIN,2,2
"DALCOR PHARMA UKLTD, SWISS BRANCH",2,2
"VISTERRA, INC",2,2
OCTAPHARMA CANADA INC,2,1
AMERICAN COLLEGE OF RADIOLOGY RADIATION THERAPY ONCOLOGY GROUP,2,2
OCTANE BIOTHERAPEUTICS INC.,2,1
TENAX THERAPEUTICS INC,2,2
CENTRE D'EXCELLENCE EN THÉRAPIE CELLULAIRE - CIUSS DE L'EST-DE-L'ÎLE-DE-MONTRÉAL,2,2
CENTESSA PHARMACEUTICALS (UK) LIMITED,2,1
DR DAVID PALMA,2,2
DALHOUSIE UNIVERSITY,2,2
OBSEVA S.A,2,2
DR RICHARD BRULL,2,1
TEVA CANADA LIMITED,2,2
TEVA PHARMACEUTICAL INDUSTRIES LTD,2,2
NUVOX PHARMA LLC,2,1
DR. SUBODH VERMA,2,2
NUVATION BIO INC,2,2
NRG ONCOLOGY AT THE AMERICAN COLLEGE OF RADIOLOGY,2,2
"HUMAN IMMUNOLOGY BIOSCIENCES, INC. (HI-BIO)",2,2
ASCENDIS PHARMA BONE DISEASES A/S,2,1
DR. RODRIGO B. MANSUR,2,2
THE RESEARCH INSITITUTE OF ST. JOSEPH'S HAMILTON,2,2
KIADIS PHARMA NETHERLANDS BV,2,2
HYGEA CLINIC,2,2
APPILI THERAPEUTICS INC,2,1
ALLAKOS INC.,2,1
"AMERICAN REGENT, INC",2,1
"THERACOS SUB, LLC",2,1
AMG MEDICAL INC,2,2
NOTRE DAME HOSPITAL,2,2
NORTHWEST BIOTHERAPEUTICS INC,2,1
"KRIYA THERAPEUTICS, INC.",2,2
DENOVO BIOPHARMA LLC,2,2
NORTHERN THERAPEUTICS INC.,2,2
ADVICENNE,2,1
"CARTESIAN THERAPEUTICS, INC.",2,1
DR DAVID Z I CHERNEY,2,2
CARSGEN THERAPEUTICS CORPORATION,2,2
DR. MARK HULL,2,2
NIGHTSTARX LTD,2,2
KOKUA PHARMA INC.,2,1
DR. LYSANNE CAMPEAU,2,2
ALIMENTIV INC.,2,1
DESENTUM OY,2,1
AMICUS THERAPEUTICS INC,2,2
AMO PHARMA LTD,2,1
"IMMUNITYBIO, INC.",2,2
VYNE THERAPEUTICS INC.,2,2
ABCURO INC,2,1
CAPITAL DISTRICT HEALTH AUTHORITY,2,2
TOLMAR INC,2,1
NEWAMSTERDAM  PHARMA B.V.,2,2
IMMUNOMEDICS INC,2,2
WASHINGTON UNIVERSITY IN ST. LOUIS,2,2
DR. LAKSHMI YATHAM,2,2
DR. KEYVAN KARKOUTI,2,2
CANOPY HEALTH INNOVATIONS INC,2,2
WASHINGTON UNIVERSITY SCHOOL OF MEDICINE,2,2
"DIANTHUS THERAPEUTICS, INC",2,1
"DICE THERAPEUTICS, INC.",2,2
LIPOCINE INC,2,2
DR. JONATHAN TROY GRENNAN,2,1
"NEUMORA THERAPEUTICS, INC. (NEUMORA)",2,1
"DISC MEDICINE, INC.",2,2
"DIVISION OF ALLERGY, IMMUNOLOGY, AND TRANSPLANTATION; NIAID NIH",2,2
"TREADWELL THERAPEUTICS, INC.",2,2
APCINTEX LIMITED,2,1
DIZAL (JIANGSU) PHARMACEUTICAL CO. LTD,2,2
DR. JOHN LENEHAN,2,2
INFLARX GMBH,2,1
TREVI THERAPEUTICS INC,2,1
"DNATRIX, INC",2,2
"BIOMEA FUSION, INC.",2,1
AL-S PHARMA,2,1
INMUNE BIO INC.,2,2
"ANELIXIS THERAPEUTICS, INC",2,1
JOHNS HOPKINS BLOOMBERG SCHOOL OF PUBLIC HEALTH,2,2
"TRIUMVIRA IMMUNOLOGICS, INC.",2,2
NEPHRON PHARMACEUTICALS CORP,2,1
CANCER CARE MANITOBA,2,2
WEX PHARMACEUTICALS INC,2,2
NEOKERA LLC,2,1
ADVANCED ACCELERATOR APPLICATIONS INTERNATIONAL SA,2,1
TYRA BIOSCIENCES INC.,2,2
"UBC CENTRE FOR HEART LUNG INNOVATION, ST. PAUL'S HOSPITAL",2,2
CANADIAN MYELOMA RESEARCH GROUP,2,2
DR ELIZABETH FINGER,2,1
CANADIAN MEDICAL AND SURGICAL KNOWLEDGE TRANSLATION RESEARCH GROUP,2,2
NATIONAL INSTITUTES OF HEALTH,2,2
DR MICHAEL TSOUKAS,2,1
NATIONAL INSTITUTE OF ALLERGY AND INFECTIOUS DISEASES (NIAID),2,2
MYLAN GMBH,2,1
"MURAL ONCOLOGY, INC",2,2
INSTITUT DE CARDIOLOGIE DE MTL,2,2
MUNDIPHARMA RESEARCH LIMITED,2,2
KINGSTON GENERAL HEALTH RESEARCH INSTITUTE,2,2
DOW PHARMACEUTICAL SCIENCES INC,2,2
ZURA BIO INC.,2,1
MONTREAL CHILDRENS HOSPITAL,2,2
"ARCUTIS, INC",2,2
"CABALETTA BIO, INC.",2,2
"UNIVERSITY OF BRITISH COLUMBIA, SCHOOL OF HEALTH AND EXERCISE SCIENCE",2,2
MOBERG PHARMA AB,2,2
DR FRANCOIS CORBIN,2,1
UNIVERSITY OF CALIFORNIA,2,2
UNIVERSITY OF CHICAGO MEDICAL CENTER,2,2
BRUYÈRE HEALTH RESEARCH INSTITUTE,2,2
DR ALESSANDRO DORIA,2,2
MIRATI THERAPEUTICS INCORPORATED,2,2
"INTELLIA THERAPEUTICS, INC.",2,2
MIRAGEN THERAPEUTICS INC,2,2
ANTIBE THERAPEUTICS INC,2,1
DR GARY ANDOLFATTO,2,1
BRITISH COLUMBIA WOMENS HOSPITAL,2,2
DR ANNE CONLIN,2,1
"MINERALYS THERAPEUTICS, INC.",2,1
UNIVERSITY OF NEW SOUTH WALES,2,2
INTERNATIONAL CENTER FOR HEALTH OUTCOMES AND INNOVATION RESEARCH,2,2
BRITISH COLUMBIA CENTRE ON SUBSTANCE USE,2,2
INVENTIVA S.A,2,2
ADURO BIOTECH INC,2,2
INVENTPRISE INC.,2,1
BRIGHAM AND WOMENS HOSPITAL,2,2
MERZ THERAPEUTICS GMBH,2,1
ARCH BIOPARTNERS INC.,2,1
DR. ANCA PRICA,2,2
UNIVERSITY OF SOUTHERN CALIFORNIA,2,2
MEIJI PHARMA USA INC,2,1
IPSEN BIOPHARMACEUTICALS CANADA INC,2,2
MEDYTOX INC.,2,2
ACACIA PHARMA LTD,2,2
"UPSTREAM BIO, INC.",2,1
BOND AVILLION 2 DEVELOPMENT LP,2,2
AB2 BIO LTD,2,2
UROGEN PHARMA LTD,2,2
BICYCLETX LIMITED,2,2
"MEDILINK THERAPEUTICS (SUZHOU) CO., LTD.",2,2
"VACCINE EVALUATION CENTER, UNIVERSITY OF BRITISH COLOMBIA",2,2
IPSEN PHARMA SAS,2,2
"APNIMED, INC",2,2
XERIS PHARMACEUTICALS INC,2,1
"IRONWOOD PHARMACEUTICALS, INC",2,1
XOMA US LLC,2,1
BOEHRINGER INGELHEIM PHARMA GMBH & CO. KG,2,1
DR VERINDER SHARMA,2,2
Y-MABS THERAPEUTICS A/S,2,2
ARADIGM CORPORATION,2,1
RESVERLOGIX CORP,2,2
RESPIRATORY INVESTIGATION UNIT,2,1
"FUJIFILM KYOWA KIRIN BIOLOGICS CO, LTD",2,1
"REPLICEL LIFE SCIENCES, INC",2,2
"REVOLUTION MEDICINES, INC.",2,2
REZOLUTE INC.,2,1
"RENIBUS THERAPEUTICS, INC.",2,1
RENEO PHARMA LTD,2,2
REMEDY INSTITUTE,2,1
CLINIQUE OVO,2,2
CLINIQUE NEURO-OUTAOUAIS,2,2
REDHILL BIOPHARMA LTD.,2,1
ATMA JOURNEY CENTRES,2,1
"ROBARTS RESEARCH INSTITUTE, WESTERN UNIVERSITY",2,2
VARIATION BIOTECHNOLOGIES INC,2,2
ROOTS TO THRIVE,2,1
ISOLOGIC INNOVATIVE RADIOPHARMACEUTICALS LTD.,2,1
COMPASS PATHFINDER LIMITED,2,2
ROYAL VICTORIA HOSPITAL,2,2
FORBIUS (FORMATION BIOLOGICS),2,2
RYVU THERAPEUTICS S.A.,2,2
GAURAV GUPTA,2,2
FLEXION THERAPEUTICS INC,2,2
SAGIMET BIOSCIENCES,2,2
MCMASTER UNIVERSITY NUCLEAR MEDICINE PROGRAM,2,2
RECORDATI RARE DISEASES CANADA INC,2,2
RAPT THERAPEUTICS INC.,2,2
FILAMENT HEALTH CORP.,2,2
"SALUBRIS BIOTHERAPEUTICS, INC.",2,2
APEX LABS INC.,2,2
GEMPHIRE THERAPEUTICS INC,2,1
SANOFI AVENTIS,2,2
SANOFI AVENTIS GROUP,2,2
FERRING PHARMACEUTICALS A S,2,2
ITERION THERAPEUTICS,2,2
SANOFI PASTEUR LIMITED,2,2
SANOFI VACCINES US INC,2,1
CIVITAS THERAPEUTICS INC,2,1
QUANTUM GENOMICS,2,1
SANOTIZE RESEARCH & DEVELOPMENT CORP.,2,1
SANTHERA PHARMACEUTICALS (SWITZERLAND) LIMITED,2,1
"ALTIMMUNE, INC.",2,2
PULMOCIDE LTD,2,1
CONCORDIA UNIVERSITY,2,1
ALZHEON INC,2,1
AURINIA PHARMACEUTICALS INC,2,1
SAVARA INC.,2,2
CONSTELLATION PHARMACEUTICALS INC.,2,1
PROVIDENCE HEALTH CARE-SAINT PAUL'S HOSPITAL,2,2
"PROVENTION BIO, INC",2,2
BICARA THERAPEUTICS,2,2
PROTHENA THERAPEUTICS LIMITED,2,2
"SCYNEXIS, INC.",2,1
EUROPEAN MYELOMA NETWORK (EMN),2,2
SEATTLE CHILDREN S HOSPITAL,2,2
EUPRAXIA PHARMACEUTICALS INC,2,2
"ETHICON, A JOHNSON & JOHNSON COMPANY",2,2
GERON CORPORATION,2,2
SENSORION,2,2
PROMETIC PHARMA SMT LTD,2,1
"SERENE, LLC",2,2
"VEDANTA BIOSCIENCES, INC",2,1
"VEGA THERAPEUTICS, INC",2,1
SERMONIX PHARMACEUTICALS INC.,2,2
PROMETIC BIOSCIENCES INC,2,1
SFJ PHARMACEUTICALS,2,2
CHUGAI PHARMACEUTICAL CO LTD,2,2
VELOSBIO INC.,2,1
"PRIOVANT THERAPEUTICS, INC",2,2
SHIRE CANADA INC,2,1
ALTAVANT SCIENCES GMBH,2,1
"KURA ONCOLOGY, INC.",2,2
PRELUDE THERAPEUTICS INCORPORATED,2,2
"SENHWA BIOSCIENCES, INC.",1,1
SEQIRUS UK LIMITED,1,1
"SERENITY PHARMACEUTICALS, LLC",1,1
SHAANXI MICOT TECHNOLOGY CO. LTD,1,1
SHIRE ORPHAN THERAPIES INC,1,1
SHIRE-NPS PHARMACEUTICALS INC.,1,1
SHRINERS HOSPITAL FOR CHILDREN CANADA,1,1
SIDERIS PHARMACEUTICALS INC,1,1
SILLAJEN INCORPORATED,1,1
"SOMAHLUTION, INC",1,1
SOPHIRIS BIO CORP.,1,1
SORICIMED BIOPHARMA INC.,1,1
SOV THERAPEUTICS INC,1,1
SPECTRACURE AB,1,1
"SPLISENSE, LTD",1,1
SPRINGWORKS THERAPEUTICS,1,1
SPUR THERAPEUTICS LIMITED,1,1
"SPYRE THERAPEUTICS, INC.",1,1
"SPYRYX BIOSCIENCES, INC",1,1
SQZ BIOTECHNOLOGIES,1,1
ST JOSEPHS HEALTH CARE PARKWOOD SITE,1,1
ST MARY¿S RESEARCH CENTRE,1,1
ST. BONIFACE HOSPITAL,1,1
STANDARD PROCESS INC,1,1
STARPHARMA PTY LTD,1,1
STATE UNIVERSITY OF NEW YORK AT BUFFALO,1,1
STEALTH BIOTHERAPEUTICS INC,1,1
STEMREGEN THERAPEUTICS INC0,1,1
STEPHEN PASTERNAK,1,1
SUBLIMITY THERAPEUTICS (HOLD CO.) LTD.,1,1
SUMITOMO PHARMA SWITZERLAND GMBH,1,1
SUMMIT CORPORATION PLC,1,1
"SUMMIT THERAPEUTICS SUB, INC.",1,1
SUN PHARMA ADVANCED RESEARCH COMPANY LTD.,1,1
"SUN PHARMACEUTICAL INDUSTRIES, INC.",1,1
SUNNYBROOK HEALTH SCIENCES CENTRE,1,1
"SURROZEN OPERATING, INC.",1,1
SUVEN LIFE SCIENCES LIMITED,1,1
SYMBIO PHARMACEUTICALS LTD,1,1
SYNAGEVA BIOPHARMA CORPORATION,1,1
SYNLOGIC OPERATING COMPANY INC.,1,1
SYNNOVATION THERAPEUTICS,1,1
SYNOX THERAPEUTICS LTD,1,1
SYNTHON BV,1,1
SYQE MEDICAL LTD,1,1
T.O.A.D. ONCOLOGY SA,1,1
"TAIHO PHARMA CANADA, INC.",1,1
TAKEDA CANADA INC,1,1
"TARGETED THERAPY TECHNOLOGIES, LLC",1,1
TARIS BIOMEDICAL INC,1,1
"TCR2 THERAPEUTICS, INC. (A SUBSIDIARY OF ADAPTIMMUNE THERAPEUTICS PLC)",1,1
TEKMIRA PHARMACEUTICALS CORPORATION,1,1
"TELAVANT, INC.",1,1
"TELIOS PHARMA, INC.",1,1
TELIX INTERNATIONAL  PTY LTD.,1,1
TESSA THERAPEUTICS,1,1
TETRAPHASE PHARMACEUTICALS INC,1,1
TEVA BRANDED PHARMACEUTICAL PRODUCTS R&D LLC,1,1
THE GEORGE INSTITUTE FOR GLOBAL HEALTH,1,1
THE MICHAEL J FOX FOUNDATION FOR PARKINSON'S RESEARCH,1,1
THE MONTREAL FERTILITY CENTER,1,1
"THE REGENTS OF THE UNIVERSITY OF CALIFORNIA, SAN FRANCISCO",1,1
THE ROYAL'S INSTITUTE OF MENTAL RESEARCH,1,1
THE UNIVERSITY OF BRITISH COLUMBIA & BC CHILDREN'S HOSPITAL RESEARCH INSTITUTE,1,1
"THE UNIVERSITY OF EDINBURGH & LOTHIAN HEALTH BOARD, ACCORD",1,1
THE UNIVERSITY OF KANSAS MEDICAL CENTER,1,2
THEOLYTICS LTD.,1,1
THERALASE TECHNOLOGIES INC,1,1
"THERAPEUTICSMD, INC",1,1
THERAPURE BIOPHARMA INC.,1,1
"THERAS, INC., D/B/A BRIDGEBIO ONCOLOGY THERAPEUTICS",1,1
THERATECHNOLOGIES INC,1,1
THERIAC BIOMEDICAL INC,1,1
THIRD ARC BIO,1,1
THRASOS INNOVATION INC,1,1
THRESHOLD PHARMACEUTICALS INC,1,1
THROMBOGENICS NV,1,1
TIGENIX S.A.U.,1,1
TILLOTTS PHARMA AG,1,1
TILRAY CANADA LTD,1,1
TIMBER PHARMACEUTICALS INC,1,1
TIMI STUDY GROUP,1,1
"TISENTO THERAPEUTICS, INC.",1,1
TOCAGEN INC,1,1
TOKAI PHARMACEUTICALS INC,1,1
TOLYMPH INC.,1,1
TOM BAKER CANCER CENTRE,1,1
TORONTO CENTRE FOR ADVANCED REPRODUCTIVE TECHNOLOGY,1,1
TORONTO REHABILITATION INSTITUTE,1,1
TORONTO WESTERN HOSPITAL - MOVEMENT DISORDERS CENTER,1,1
"TOURMALINE BIO, INC.",1,1
TRANSGENE SA,1,1
TRANSITION THERAPEUTICS IRELAND LIMITED,1,1
TRANSLATIONAL ONCOLOGY RESEARCH INTERNATIONAL TORI INC,1,1
"TRAVERE THERAPEUTICS, INC.",1,1
TRB CHEMEDICA INTERNATIONAL SA,1,1
"TREFOIL THERAPEUTICS, INC.",1,1
"TREMEAU PHARMACEUTICALS, INC",1,1
TREVENA INC,1,1
TRICIDA INC,1,1
TRILLIUM THERAPEUTICS INC.,1,1
TRIO FERTILITY INC,1,1
TRIPHASE RESEARCH AND DEVELOPMENT III CORP,1,1
TRIPLE HAIR INC,1,1
TRIUMVIRA IMMUNOLOGICS INC,1,1
"TRIVENI BIO, INC.",1,1
TUBULIS GMBH,1,1
TURNING POINT THERAPEUTICS INC,1,1
"TUSKER MEDICAL, INC",1,1
UCB BIOSCIENCES INC,1,1
UNITY BIOTECHNOLOGY,1,1
UNIVERSITY COLLEGE DUBLIN,1,1
UNIVERSITY HEALTH NETWORK AJMERA TRANSPLANT CENTRE,1,1
UNIVERSITY HOSPITALS CLEVELAND MEDICAL CENTER,1,1
UNIVERSITY MEDICAL CENTER UTRECHT,1,1
UNIVERSITY OF CALGARY - ALBERTA CHILDRENS HOSPITAL,1,1
UNIVERSITY OF FLORIDA,1,1
UNIVERSITY OF HEIDELBERG,1,1
UNIVERSITY OF IOWA,1,1
UNIVERSITY OF LIVERPOOL,1,1
UNIVERSITY OF MICHIGAN INTERNAL MEDICINE-RHEUMATOLOGY,1,1
UNIVERSITY OF MINNESOTA,1,1
UNIVERSITY OF MINNESOTA MEDICAL SCHOOL,1,1
UNIVERSITY OF NEW BRUNSWICK,1,1
UNIVERSITY OF NORTH CAROLINA,1,1
UNIVERSITY OF OTTAWA INSTITUTE FOR MENTAL HEALTH RESEARCH,1,1
UNIVERSITY OF PENNSYLVANIA,1,1
UNIVERSITY OF QUEENSLAND,1,1
UNIVERSITY OF ROCHESTER,1,1
UNIVERSITY OF SOUTH FLORIDA,1,1
UNIVERSITY OF TORONTO,1,1
UNIVERSITY OF UTAH,1,1
UNIVERSITÉ LAVAL,1,1
UPTOWN EYE SPECIALISTS,1,1
UPTRU INC.,1,1
VACCINEX INC.,1,1
VADERIS THERAPEUTICS AG,1,1
VALEANT CANADA LP VALEANT CANADA S.E.C.,1,1
VANCOUVER COASTAL HEALTH-COMMUNITY,1,1
VANCOUVER GENERAL HOSPITAL AND UNIVERSITY OF BRITISH COLUMBIA FOUNDATION,1,1
VANCOUVER ID RESEARCH & CARE CENTRE SOCIETY,1,1
VANCOUVER ISLAND HEALTH AUTHORITY,1,1
VANCOUVER LASER & SKIN ARE CENTRE,1,1
VARMX B.V.,1,1
VASCULAR BIOGENICS LTD,1,1
"VASOMUNE THERAPEUTICS, INC.",1,1
VAXESS TECHNOLOGIES,1,1
VELOXIS PHARMACEUTICALS,1,1
VENTUS THERAPEUTICS U.S,1,1
VERGE GENOMICS,1,1
VERITY PHARMACEUTICALS INC,1,1
VERONA PHARMA PLC,1,1
VHSQUARED LTD,1,1
VIATRIS INNOVATION GMBH,1,1
VICORE PHARMA AB,1,1
VITAE PHARMACEUTICAL INCORPORATED,1,1
"VIVIDION THERAPEUTICS, INC.",1,1
VOR BIOPHARMA,1,1
VOR BIOPHARMA INC.,1,1
"VOYAGER THERAPEUTICS, INC.",1,1
WATSON LABORATORIES INC,1,1
WAVE LIFE SCIENCE LTD,1,1
WEILL MEDICAL COLLEGE OF CORNELL UNIVERSITY,1,1
WELICHEM BIOTECH INC,1,1
WINNIPEG REGIONAL HEALTH AUTHORITY,1,1
"WINSANTOR, INC",1,1
WWIKY BIOSCIENCES INC.,1,1
X4 PHARMACEUTICALS INCORPORATED,1,1
XBIOTECH USA INC,1,1
"XCOVERY HOLDINGS, INC",1,1
YELLOW JERSEY THERAPEUTICS AG,1,1
ZAMBON SPA,1,1
ZIARCO PHARMA LTD,1,1
ZOMAGEN BIOSCIENCES LTD.,1,1
ZS PHARMA INC,1,1
ZYDUS THERAPEUTICS INC.,1,1
ZYMEWORKS BC INC.,1,1
"ZYNERBA PHARMACEUTICALS, INC",1,1
0 DUMMY COMPANY,1,1
ZYUS LIFE SCIENCES INC.,1,1
16506607 CANADA INC,1,1
"23ANDME, INC.",1,1
"4D MOLECULAR THERAPEUTICS, INC.",1,1
4MOVINGBIOTECH,1,1
"9 METERS BIOPHARMA, INC.",1,1
AARDVARK THERAPEUTICS INC,1,1
"AASTROM BIOSCIENCES, INC.",1,1
"ABBISKO THERAPEUTICS CO., LTD",1,1
ABBVIE BIOTHERAPEUTICS INC,1,1
ABBVIE STEMCENTRX LLC,1,1
ABCELLERA BIOLOGICS INC,1,1
ABRAHAM NUNES,1,1
ACCORD HEALTHCARE LTD,1,1
ACERUS PHARMACEUTICALS CORPORATION,1,1
"ACLARIS THERAPEUTICS, INC.",1,1
ACROTECH BIOPHARMA INC.,1,1
"ACTINIUM PHARMACEUTICALS, INC",1,1
ACTUATE THERAPEUTICS INC.,1,1
"ACUMEN PHARMACEUTICALS, INCORPORATED",1,1
"ADARE DEVELOPMENT I, LP",1,1
"ADARX PHARMACEUTICALS, INC.",1,1
"ADISO THERAPEUTICS, INC.",1,1
ADLAI NORTYE USA INC,1,1
"ADVANCED ACCELERATOR APPLICATIONS USA, INC.",1,1
"ADVANCED ACCELERATOR APPLICATIONS, A NOVARTIS COMPANY",1,1
ADVAXIS IMMUNOTHERAPIES,1,1
AEGERION PHARMACEUTICALS INC,1,1
AEON BIOPHARMA INC.,1,1
AETERNA ZENTARIS GMBH,1,1
AEVI GENOMIC MEDICINE INC,1,1
AFFERENT PHARMACEUTICALS INC,1,1
AFIMMUNE LIMITED,1,1
AFYX THERAPEUTICS A/S,1,1
"AGENEBIO, INC",1,1
"AGOMAB SPAIN, S.L.",1,1
AICURIS ANTI-INFECTIVE CURES AG,1,1
"AKESO BIOPHARMA CO., LTD",1,1
ALBERTA CHILDRENS HOSPITAL,1,1
ALBERTA HEALTH SERVICES-TOM BAKER CANCER CENTRE,1,1
"ALDENA THERAPEUTICS (UK), LTD.",1,1
ALENTIS THERAPEUTICS AG,1,1
ALEXION PHARMA GMBH,1,1
ALEXION PHARMA INTERNATIONAL SARL,1,1
ALFASIGMA S.P.A,1,1
ALFRED HEALTH,1,1
ALGERNON PHARMACEUTICALS INCORPORATED,1,1
"ALIGOS THERAPEUTICS, INC.",1,1
ALIOS BIOPHARMA,1,1
ALIXER NEXGEN THERAPEUTICS LTD,1,1
"ALLAY THERAPEUTICS, INC",1,1
ALLENA PHARMACEUTICALS INC,1,1
ALLERGAN SALES LLC,1,1
ALLERGOPHARMA GMBH AND CO.KG,1,1
ALLIANCE FOR CLINICAL TRIALS IN ONCOLOGY,1,1
"ALLROCK BIO, INC.",1,1
ALMIRALL S.A.,1,1
"ALTRUBIO, INC",1,1
ALVINE PHARMACEUTICALS INC,1,1
ALZHEIMER'S DISEASE COOPERATIVE STUDY (ADCS),1,1
AM-PHARMA B.V.,1,1
AMAG PHARMACEUTICALS INC,1,1
"AMBRX, INC.",1,1
"AMERICAN ASSOCIATION FOR CANCER RESEARCH, INC.(AACR)",1,1
AMERICAN COLLEGE OF RADIOLOGY,1,1
AMSRF RESEARCH INC,1,1
ANERGIS S.A.,1,1
ANGITIA INCORPORATED LIMITED,1,1
ANIKA THERAPEUTICS INC,1,1
ANJI PHARMA (US) LLC,1,1
"ANKYRA THERAPEUTICS, INC.",1,1
ANN AND ROBERT H. LURIE CHILDREN'S HOSPITAL OF CHICAGO,1,1
ANTHONY CHAU,1,1
ANTIBIOTX A/S,1,1
AOBIOME LLC,1,1
AOSPINE NORTH AMERICA,1,1
APEX LABS LTD,1,1
"APOLLO THERAPEUTICS, LIMITED",1,1
APOLLOMICS INC.,1,1
APPLIED GENETIC TECHNOLOGIES CORPORATION,1,1
APPLIED MOLECULAR TRANSPORT INC.,1,1
"APPLIED THERAPEUTICS, INC.",1,1
APTOSE BIOSCIENCES INC,1,1
ARAGON PHARMACEUTICALS,1,1
ARAMIS BIOTECHNOLOGIES,1,1
"ARAVIVE, INC.",1,1
ARCA BIOPHARMA INC,1,1
"ARCTURUS THERAPEUTICS, INC.",1,1
ARMO BIOSCIENCES INC,1,1
"ARO BIOTHERAPEUTICS, INC.",1,1
"AROG PHARMACEUTICALS, INC",1,1
ARRAYUS TECHNOLOGIES INC.,1,1
"ARTHEX BIOTECH, S.L.",1,1
ARTHOGEN B.V,1,1
"ARTIVA BIOTHERAPEUTICS, INC",1,1
"ARUVANT SCIENCES, GMBH",1,1
"ARVINAS ANDROGEN RECEPTOR, INC.",1,1
ARVINAS ESTROGEN RECEPTOR INC.,1,1
"ARVINAS OPERATIONS, INC.",1,1
ASAHI KASEI PHARMA AMERICA CORPORATION,1,1
ASAHI KASEI PHARMA CORPORATION,1,1
ASCENDIS PHARMA INC.,1,1
ASCENDIS PHARMA ONCOLOGY DIVISION A/S,1,1
"ASKLEPIOS BIOPHARMACEUTICAL, INC.",1,1
ASMACURE LTEE,1,1
"ASPA THERAPEUTICS, INC, A SUBSIDIARY OF BRIDGEBIO PHARMA",1,1
ASPEN GLOBAL INCORPORATED,1,1
"ASTELLAS GENE THERAPIES, INC.",1,1
ASTELLAS PHARMA CANADA INC,1,1
ASTRAZENECA,1,1
ASUBIO PHARMACEUTICALS INC.,1,1
"ATAI THERAPEUTICS, INC.",1,1
ATMA CENA PSYCHEDELIC HEALTHCARE SOLUTIONS,1,1
"ATOSSA THERAPEUTICS, INC.",1,1
"ATTOVIA THERAPEUTICS, INC.",1,1
"AURA BIOSCIENCES, INC.",1,1
AURICULA BIOSCIENCES INC,1,1
AURION BIOTECH INC.,1,1
AURORA CANNABIS ENTERPRISES INC,1,1
AVADEL CNS PHARMACEUTICALS,1,1
"AVALO THERAPEUTICS, INC.",1,1
"AVEXIS, INC",1,1
"AVM BIOTECHNOLOGY, LLC",1,1
AXIKIN PHARMACEUTICALS INC,1,1
"AYALA PHARMACEUTICALS, INC.",1,1
AZIENDA SOCIO SANITARIA TERRITORIALE GRANDE OSPEDALE METROPOLITANO NIGUARDA,1,1
"AZTHERAPIES, INC",1,1
AZURA OPHTHALMICS,1,1
BANTAM PHARMACEUTICALS,1,1
BARBARA ANN KARMANOS CANCER INSTITUTE,1,1
BASIC PHARMA TECHNOLOGIES BV,1,1
BASILEA PHARMACEUTICA INTERNATIONAL LTD,1,1
"BASKING BIOSCIENCES, INC",1,1
BAUSCH & LOMB CANADA INC,1,1
BAXTER INNOVATIONS GMBH,1,1
BAYCREST ROTMAN RESEARCH INSTITUTE,1,1
BAYER AG,1,1
BAYER HEALTHCARE LLC,1,1
BC CANCER,1,1
BC CHILDRENS HOSPITAL,1,1
BC CHILDREN¿S HOSPITAL HEART CENTRE,1,1
BE BIOPHARMA,1,1
BEIGENE LTD,1,1
"BEIJING AVISTONE BIOTECHNOLOGY CO., LTD.",1,1
"BELHAVEN BIOPHARMA, INC.",1,1
"BETA BIONICS, INC.",1,1
"BEYOND AIR, INC.",1,1
"BIAL R&D INVESTMENTS, S.A.",1,1
"BIOAEGIS THERAPEUTICS, INC.",1,1
"BIOCARDIA, INC.",1,1
BIOGEN IDEC INC,1,1
BIOGEN INC,1,1
"BIOHAVEN PHARMACEUTICALS, INC.",1,1
BIOLINERX LTD,1,1
BIOREST LTD,1,1
BIOSSIL INC.,1,1
BIOTA SCIENTIFIC MANAGEMENT PTY LTD,1,1
BIOTEST AG,1,1
BIOVENTUS LLC,1,1
"BIRD ROCK BIO, INC",1,1
"BLACK DIAMOND THERAPEUTICS, INC.",1,1
"BLOSSOM HILL THERAPEUTICS, INC",1,1
BLUE ROCK THERAPEUTICS,1,1
BLUEROCK THERAPEUTICS CANADA ULC,1,1
BOCA RATON REGIONAL HOSPITAL,1,1
"BOLD THERAPEUTICS, INC.",1,1
BOSTON PHARMACEUTICALS INC,1,1
BREPCO BIOPHARMA LIMITED,1,1
BRIACELL THERAPEUTICS CORP.,1,1
BRICKELL BIOTECH INC,1,1
BRISTOL-MYERS SQUIBB COMPANY,1,1
BUZZZ PHARMACEUTICALS LIMITED,1,1
CALADRIUS BIOSCIENCES,1,1
CALCILYTIX THERAPEUTICS INC,1,1
"CALIWAY BIOPHARMACEUTICALS CO., LTD.",1,1
CAMURUS AB,1,1
CAN-FITE BIOPHARMA LTD,1,1
CANADIAN CANCER TRIALS GROUP,1,1
CANADIAN UROLOGICAL ONCOLOGY GROUP,1,1
CANADIAN UROLOGY RESEARCH CONSORTIUM,1,1
CANADIAN VIGOUR CENTRE,1,1
CANFITE BIOPHARMA LIMITED,1,1
CANSINO BIOLOGICS INC.,1,1
CAPRICOR INC,1,1
"CAPSIDA BIOTHERAPEUTICS, INC.",1,1
CARE ARTHRITIS LTD.,1,1
CARMOT THERAPEUTICS INC.,1,1
"CASCADIAN THERAPEUTICS, INC",1,1
CATALYM GMBH,1,1
CATALYST PHARMACEUTICALS INC,1,1
CATALYST PHARMACEUTICALS PARTNERS,1,1
"CELCUITY, INC",1,1
"CELECOR THERAPEUTICS, INC.",1,1
CELL TECHNOLOGIES INC.,1,1
"CELLECTAR BIOSCIENCES, INC",1,1
CELLTRION INC,1,1
CELSION CORPORATION,1,1
CELTAXSYS INC,1,1
CEMPRA PHARMACEUTICALS INC,1,1
"CENTRE DE RECHERCHE CERVO, UNIVERSITÉ LAVAL",1,1
CENTRE HOSPITALIER AFFILIÉ UNIVERSITAIRE DE QUÉBEC,1,1
CENTRE HOSPITALIER DE LUNIVERSITÉ LAVAL,1,1
CENTRE INTEGRE UNIVERSITAIRE DE SANTE ET DE SERVICES SOCIAUX DE L'ESTRIE,1,1
CENTRE INTÉGRÉ UNIVERSITAIRE DE SANTÉ ET DE SERVICES SOCIAUX DE L'EST-DE-L'ILE-D,1,1
CENTUS BIOTHERAPEUTICS LIMITED,1,1
CERENIS THERAPEUTICS SA,1,1
"CERIUM PHARMACEUTICALS, INC.",1,1
CHELSEA THERAPEUTICS INC,1,1
"CHEMO RESEARCH, S.L.",1,1
CHENGDU KANGHONG BIOTECHNOLOGY CO. LTD.,1,1
CHIASMA INC,1,1
CHILD & FAMILY RESEARCH INSTITUTE,1,1
"CHILDREN'S HEALTHCARE OF ATLANTA, INC",1,1
CHILDREN'S RESEARCH INSTITUTE,1,1
"CHINOOK THERAPEUTICS U.S., INC.",1,1
"CHINOOK THERAPEUTICS, INC.",1,1
CITRYLL BV,1,1
"CIUSSS DU CENTRE-OUEST-DE-L’ILE-DE-MONTREAL, INSTITUTION OF SANTÉ QUEBEC",1,1
CIUSSS DU NORD-DE-L'ÎLE-DE-MONTRÉAL,1,1
CLAIRVOYANT THERAPEUTICS INC.,1,1
CLARIS BIOTHERAPEUTICS,1,1
CLEAVE BIOSCIENCES,1,1
"CLENE NANOMEDICINE, INC",1,1
CLINIQUE DE RETINE DE L¿EST,1,1
COCRYSTAL PHARMA INC,1,1
COLUMBIA UNIVERSITY,1,1
CONCORDIA LABORATORIES INC,1,1
"CONJUPRO BIOTHERAPEUTICS, INC",1,1
CONSCIOUS MIND CLINIC,1,1
CONTINEUM THERAPEUTICS INC,1,1
CORTENDO AB,1,1
CORVIA MEDICAL INC,1,1
"CORXEL PHARMACEUTICALS, CO, LTD",1,1
COSMO TECHNOLOGIES LTD,1,1
COYA THERAPEUTICS,1,1
"CRESTONE, INC.",1,1
"CRINETICS PHARMACEUTICALS, INC.",1,1
CRITERIUM INC,1,1
CROMA-PHARMA,1,1
CRUCELL HOLLAND B.V.,1,1
CTI BIOPHARMA CORP,1,1
CYBIN THERAPEUTICS INC.,1,1
CYCLERION THERAPEUTICS INC,1,1
CYTRX CORPORATION,1,1
DALCOR PHARMACEUTICALS CANADA INC.,1,1
DAR CLINICAL RESEARCH INC,1,1
"DAVID KING BSC. MD, FRCPC",1,1
DEFENCE THERAPEUTICS INC.,1,1
DEINOVE,1,1
DERMA SCIENCES CANADA INC.,1,1
DERMAVANT SCIENCES LTD,1,1
"DESIGN THERAPEUTICS, INC.",1,1
DIAMEDICA INC,1,1
DIAMOND THERAPEUTICS,1,1
DIMENSION THERAPEUTICS,1,1
DOMPÉ FARMACEUTICI S.P.A.,1,1
DOUGLAS FRASER,1,1
"DOW PHARMACEUTICAL SCIENCES, A DIV OF VALEANT PHARMACEUTICALS NORTH AMERICA LLC",1,1
DR AHTSHAM U NIAZI,1,1
DR ALICE WEI,1,1
DR ANDREW BAKER,1,1
DR ANTHONY V D'AMICO,1,1
DR ARTUELA CAKU,1,1
DR ASIM CHEEMA,1,1
DR BELINA CARRANZA MAMANE,1,1
DR BENICIO FREY,1,1
DR BEVERLY CATHARINE CRAVEN,1,1
DR BLAYNE WELK,1,1
DR BRUNO GAGNON,1,1
DR CHRISTIAN SCHUTZ,1,1
DR CHRISTOPHER ALMOND,1,1
DR CYNTHIA CALKIN,1,1
DR DAVID SPANER,1,1
DR DENIS O'DONNELL,1,1
DR DENNIS JENSEN,1,1
DR ELIZABETH TULLIS,1,1
DR FRANÇOIS MADORE,1,1
DR GELAREH ZADEH,1,1
DR GEORGE MEDVEDEV,1,1
DR HAIM ARIE ABENHAIM,1,1
DR JEAN-LUC ARDILOUZE,1,1
DR JEFFREY MEYER,1,1
DR JEREMY ROAD,1,1
DR JIM CHRISTENSON,1,1
DR JOHANNES A (BERTUS) EKSTEEN,1,1
DR JOHN KIRBY,1,1
DR JONATHAN GAMBLE,1,1
DR JONATHAN YOUNG,1,1
DR JULIE-ANN VAN KOUGHNETT,1,1
DR KANECIA ZIMMERMAN,1,1
DR KENNETH MADDEN,1,1
DR MAGDY SELIM,1,1
DR MANDAR JOG,1,1
DR MARIE BUSSIERES,1,1
DR MATTHIEU PELLETIER-GALARNEAU,1,1
DR MICHAEL DOMANSKI,1,1
DR MICHAEL VAN AMERINGEN,1,1
DR MICHEL PRUDHOMME,1,1
DR MICHEL WHITE,1,1
DR PAUL SANDOR,1,1
DR PAVANI CHALASANI,1,1
DR PHILIPPA HAWLEY,1,1
DR PIERRE DUQUETTE,1,1
DR PRADEEPA YOGANATHAN,1,1
DR RICHARD MALTHANER,1,1
DR RICHARD WARREN,1,1
DR ROBERT F CASPER,1,1
DR RYAN FLANNIGAN,1,1
DR SAMMY SLIWIN,1,1
DR SARAH FERGUSON,1,1
DR SARAH HALES,1,1
DR SHANNON MARIO FERNANDO,1,1
DR SHANON HUMPHREY,1,1
DR SOHAM REJ,1,1
DR STEPHANE PELET,1,1
DR SUDEEP SHIVAKUMAR,1,1
DR SYLVIA STOCKLER,1,1
DR VIDUR SHYAM,1,1
DR VINCENT CHAN,1,1
DR YOO-JOUNG KO,1,1
DR. AHMAD HAIDAR,1,1
DR. ALI ABDALVAND,1,1
DR. ALI IMRAN,1,1
DR. AMIN JAVER,1,1
DR. AMIT OZA,1,1
DR. ANA MIRIAM VELLY,1,1
DR. ANDRIY V. SAMOKHVALOV,1,1
"DR. ANNA SPREAFICO, UNIVERSITY HEALTH NETWORK",1,1
DR. ARLENE STECENKO,1,1
"DR. ARUZ MESCI, UNIVERSITY HEALTH NETWORK",1,1
DR. AZIZ QAZI,1,1
DR. BRADLEY GREENE,1,1
DR. CARL A. LASKIN,1,1
DR. CONNOR MCGUIRE,1,1
DR. CORINA VELEHORSCHI,1,1
DR. DANIEL BLUMBERGER,1,1
DR. DARREN R. CHRISTENSEN,1,1
DR. DAVID BARBIC,1,1
DR. DAVID N. GINTHER,1,1
DR. DAVID SHADE,1,1
"DR. DI (MARIA) JIANG, UNIVERSITY HEALTH NETWORK",1,1
DR. EBERHARD RENNER,1,1
DR. ELISA BRIETZKE,1,1
DR. ERIC S. TAM,1,1
DR. EVELYNE D. TROTTIER,1,1
DR. FALK PHARMA GMBH,1,1
DR. GARTH MECKLER,1,1
DR. GERALD BATIST,1,1
"DR. GREGORY CHRISTOPHER KNAPP, QE II HEALTH SCIENCES CENTRE, NOVA SCOTIA HEALTH",1,1
DR. HAL SIDEN,1,1
DR. HASSAN RAZVI,1,1
DR. IAN DE BOER,1,1
"DR. ISLAM MOHAMED, BC CANCER- KELOWNA",1,1
DR. JAMES KIM,1,1
DR. JANET E. POPE,1,1
DR. JASON RIVERS,1,1
DR. KARI TIKKINEN,1,1
DR. KAZUHIRO YASUFUKU,1,1
"DR. KEVIN H. M. KUO, UNIVERSITY HEALTH NETWORK",1,1
DR. KEVIN PEHR,1,1
DR. LISA BARRETT,1,1
DR. LOUIS-PHILIPPE BOULET,1,1
DR. MANUEL MONTERO-ODASSO,1,1
"DR. MARC DE PERROT, UNIVERSITY HEALTH NETWORK",1,1
DR. MARC TEWFIK,1,1
"DR. MARCUS BUTLER, UNIVERSITY HEALTH NETWORK ¿ PRINCESS MARGARET CANCER CENTRE",1,1
DR. MARK BASIK,1,1
DR. MARK VINCENT,1,1
DR. MARSHA CAMPBELL-YEO,1,1
DR. MATHEW KIBERD,1,1
DR. MICHAEL COHEN-WOLKOWIEZ,1,1
DR. MONA LOUTFY,1,1
DR. NADINE SHEHATA,1,1
DR. PATRICK COUTURE,1,1
DR. PETER BLACK,1,1
DR. PETER COUROUX,1,1
DR. POUYA AZAR,1,1
DR. RAJEEV MUNI,1,1
DR. ROBERT THOMAS JAGOE,1,1
DR. RUBY GREWAL,1,1
DR. RUDOLF UHER,1,1
DR. SARA BELGA MONTEIRO PEREIRA,1,1
DR. SARA KURUVILLA,1,1
DR. SARAH A MORROW,1,1
DR. SERGIO PEREIRA,1,1
DR. STEPHEN LOWNIE,1,1
DR. SUNITA K.S. SINGH,1,1
DR. THOMAS WARKUS,1,1
DR. TOM APPLETON - WESTERN UNIVERSITY,1,1
DR. TYLER SAFRAN,1,1
"DR. UR METSER, MD, FRCPC",1,1
DR. VALÉRIE ZAPHIRATOS,1,1
DR. VICTOR TOAN LE,1,1
DR. VLADIMIR DZAVIK,1,1
DR. YULIYA KNYAHNYTSKA,1,1
DR. YVES PASTORE,1,1
"DR. YVETTE DREW, BC CANCER AGENCY",1,1
DR.COURTNEY CASSERLY,1,1
DUALITYBIO INC,1,1
DUCHESNAY INC,1,1
DUKE CLINICAL RESEARCH INSTITUTE,1,1
DYNAVAX TECHNOLOGIES CORPORATION,1,1
"DYNE THERAPEUTICS, INC",1,1
"E. MARC JOLICOEUR, MD",1,1
EAGLE PHARMACEUTICALS INC,1,1
EASTERN HEALTH REGIONAL HEALTH AUTHORITY,1,1
ECOGENE-21,1,1
EFFECTOR THERAPEUTICS INC,1,1
ELDON LOH,1,1
ELEVATION ONCOLOGY INC.,1,1
"ELION THERAPEUTICS, INC.",1,1
"ELLODI PHARMACEUTICALS, LP",1,1
EMD SERONO A DIVISION OF EMD INC CANADA,1,1
EMERGENT BIOSOLUTIONS CANADA INC,1,1
EMPOWER RESEARCH INC.,1,1
ENDEVICA BIO,1,1
ENEAPHARM,1,1
ENGAGE THERAPEUTICS INC,1,1
ENGENE HOLDINGS,1,1
ENLIVEN THERAPEUTICS INC.,1,1
ENTOS PHARMACEUTICALS,1,1
EQUILIBRA BIOSCIENCE LLC,1,1
ERASMUS MC UNIVERSITY MEDICAL CENTER,1,1
"ES THERAPEUTICS, INC.",1,1
ESCALIER BIOSCIENCES B.V.,1,1
ESPERAS PHARMA INC,1,1
ESSA PHARMA INC.,1,1
ESSA PHARMACEUTICALS CORP,1,1
ESTETRA SPRL,1,1
ESTETRA SRL,1,1
EUROPEAN CARDIOVASCULAR RESEARCH INSTITUTE,1,1
EVER NEURO PHARMA GMBH,1,1
EVME,1,1
EVOLUS INCORPORATED,1,1
EVOMMUNE INC,1,1
EXCIVA GMBH,1,1
EXSCIENTIA AI LTD,1,1
F2G LTD.,1,1
"FARADAY PHARMACEUTICALS, INC.",1,1
FERRING VENTURES LIMITED,1,1
FIRST STRING RESEARCH INC,1,1
"FLAME BIOSCIENCES, INC.",1,1
FLAMEL IRELAND LTD TRADING UNDER THE BUSINESS NAME AVADEL IRELAND,1,1
FORE BIOTHERAPEUTICS U.S. INC,1,1
"FORTVITA BIOLOGICS (USA), INC.",1,1
FORWARD PHARMA GMBH,1,1
FRASER HEALTH AUTHORITY,1,1
FREELINE THERAPEUTICS LIMITED,1,1
FULCRUM THERAPEUTICS,1,1
GALECTIN THERAPEUTICS INC,1,1
GALECTO BIOTECH AB,1,1
"GALMED RESEARCH AND DEVELOPMENT, LTD.",1,1
GATHERING RESILIENCE GROUPS INCORPORATED,1,1
GB001 INC,1,1
"GB005, INC.",1,1
GENEVA UNIVERSITY HOSPITALS,1,1
GENFIT,1,1
GENKYOTEX INNOVATION SAS,1,1
GENKYOTEX SA,1,1
GENOVA INC.,1,1
GENZYME CANADA INC,1,1
GICARE PHARMA INC,1,1
GLAUKOS CORPORATION,1,1
GLAXOSMITHKLINE CONSUMER HEALTHCARE INC,1,1
GLENMARK PHARMACEUTICALS LTD,1,1
"GLENN BAUMAN, LAWSON HEALTH RESEARCH INSTITUTE",1,1
GLOBAL ALZHEIMER'S PLATFORM FOUNDATION,1,1
GLOBAL COALITION FOR ADAPTIVE RESEARCH,1,1
GLWL RESEARCH INC,1,1
GLYCOMIMETICS INC,1,1
GLYPHARMA THERAPEUTIC INC,1,1
GOGIUNTA,1,1
GORDON SUSSMAN CLINICAL RESEARCH INC,1,1
GOVERNORS OF THE UNIVERSITY OF CALGARY / DR. VICTOR LUN,1,1
GOVERNORS OF THE UNIVERSITY OF CALGARY/DR. BIJOY MENON,1,1
GRACE THERAPEUTICS INC,1,1
GRANT PAGDIN,1,1
"GREEN VALLEY (SHANGHAI) PHARMACEUTICALS CO., LTD",1,1
GRIFOLS BIOLOGICALS INC,1,1
GRIGORY KARIM. DR. G KARMY MEDICINE PROFESSIONAL CORPORATION,1,1
GUERBET,1,1
"HALOZYME, INC",1,1
HALUCENEX LIFE SCIENCES INC,1,1
"HARMONY BIOSCIENCES MANAGEMENT, INC.",1,1
"HARMONY BIOSCIENCES, LLC",1,1
HEALTH SCIENCES NORTH RESEARCH INSTITUTE,1,1
HELSINN HEALTHCARE SA,1,1
"HERON THERAPEUTICS, INC.",1,1
HIGHTIDE BIOPHARMA PROPRIETARY LIMITED,1,1
HIKMA PHARMACEUTICALS USA INC,1,1
HINOVA PHARMACEUTICALS INC,1,1
HISTOGENICS CORP,1,1
"HOMOLOGY MEDICINES, INC.",1,1
HORIZON PHARMA IRELAND LTD,1,1
"HOTSPOT THERAPEUTICS, INC",1,1
HOUSTON METHODIST RESEARCH INSTITUTE,1,1
HUMAN GENOME SCIENCES INC,1,1
"HUNTER STROKE SERVICE, HUNTER NEW ENGLAND LOCAL HEALTH DISTRICT",1,1
"HUYABIO INTERNATIONAL, LLC",1,1
"HYBRIDYNE IMAGING TECHNOLOGIES, INC",1,1
HYLORIS DEVELOPMENTS SA,1,1
IBSA INSTITUT BIOCHIMIQUE SA,1,1
ICAHN SCHOOL OF MEDICINE AT MOUNT SINAI,1,1
ICHNOS SCIENCES SA,1,1
IDENIX PHARMACEUTICALS INC,1,1
IDERA PHARMACEUTICALS INC,1,1
IGC PHARMA LLC,1,1
IKSUDA THERAPEUTICS LIMITED,1,1
ILKOS THERAPEUTICS INC,1,1
"IMAGINAB, INC.",1,1
"IMMATICS US, INC.",1,1
IMMUNABS INC.,1,1
IMMUNIC AG,1,1
IMMUNIMED. INC,1,1
IMMUNOCELLULAR THERAPEUTICS LTD,1,1
IMMUTEP S.A.S.,1,1
IMPRIMIS PHARMACEUTICALS INC,1,1
"IMUNON, INC.",1,1
"INCARDA THERAPEUTICS, INC.",1,1
"INDAPTUS THERAPEUTICS, INC.",1,1
INDEX PHARMACEUTICALS,1,1
INDIVIOR INC,1,1
"INHIBIKASE THERAPEUTICS, INC.",1,1
INIMMUNE CORPORATION,1,1
INMUNOTEK S.L.,1,1
INO THERAPEUTICS,1,1
"INSTIL BIO, INC.",1,1
INSTITUTE FOR RESPIRATORY HEALTH INCORPORATED,1,1
INSTITUTE OF COSMETIC & LASER SURGERY,1,1
INSYS DEVELOPMENT COMPANY INC,1,1
INTARCIA THERAPEUTICS INC,1,1
INTELGENX CORP,1,1
INTENSITY THERAPEUTICS,1,1
"INTERHEALTH NUTRACEUTICALS, INC.",1,1
INTERMUNE CANADA INC,1,1
INVENTVACC BIOLOGICS INC.,1,1
IRCM  INSTITUT DE RECHERCHES CLINIQUES DE MONTREAL,1,1
IRONSHORE PHARMACEUTICALS & DEVELOPMENT INC,1,1
"IRX THERAPEUTICS, INC",1,1
ISCHEMIX LLC,1,1
ISOFOL MEDICAL AB,1,1
ITEOS BELGIUM SA,1,1
"IVERIC BIO, INC.",1,1
IXALTIS,1,1
JANSSEN SCIENCES IRELAND UC,1,1
JANSSEN VACCINES & PREVENTION B.V.,1,1
"JASPER THERAPEUTICS, INC",1,1
JAZZ PHARMACEUTICALS RESEARCH UK LIMITED,1,1
JEROME STEVENS PHARMACEUTICALS INC.,1,1
JINA PHARMACEUTICALS INC,1,1
JOHAN VAN LIMBERGEN,1,1
"JOHNSON & JOHNSON CONSUMER INC., MCNEIL CONSUMER HEALTHCARE DIVISION",1,1
JOUNCE THERAPEUTICS INC,1,1
JUBILANT HOLLISTERSTIER LLC,1,1
"K-GROUP BETA, INC.",1,1
K36 THERAPEUTICS INC.,1,1
"KAKEN PHARMACEUTICAL CO., LTD.",1,1
KANYOS BIO INC. (A WHOLLY OWNED SUBSIDIARY OF ANOKION S.A.),1,1
"KARDIGAN, INC.",1,1
KAZM PHARMACEUTICALS,1,1
KBP BIOSCIENCES PTE. LTD.,1,1
KEDRION S.P.A.,1,1
"KENTUCKY BIOPROCESSING, INC.",1,1
"KINETA ONE, LLC",1,1
KINGSTON GENERAL HOSPITAL,1,1
KINGSWAY ORAL AND MAXILLOFACIAL SURGERY,1,1
"KINIKSA PHARMACEUTICALS, GMBH",1,1
"KRONOS BIO, INC.",1,1
"KYMAB LTD, A SANOFI COMPANY",1,1
"KYMERA THERAPEUTICS, INC.",1,1
"KYOWA KIRIN, INC.",1,1
LA JOLLA PHARMACEUTICAL CO,1,1
LABORATOIRES NUTRITION ET CARDIOMÉTABOLISME,1,1
LABORATOIRES THÉA,1,1
LABORATORIOS SALVAT S A,1,1
LAHEY HOSPITAL AND MEDICAL CENTER,1,1
"LANTERN PHARMA, INC.",1,1
"LARIMAR THERAPEUTICS, INC.",1,1
LEADING BIOSCIENCES INC,1,1
LEK PHARMACEUTICALS D D,1,1
LEVO THERAPEUTICS INC,1,1
"LEXEO THERAPEUTICS, INC.",1,1
LG CHEM LTD,1,1
LIDDS AB,1,1
"LIGACHEM BIOSCIENCES, INC.",1,1
"LIQUIDIA TECHNOLOGIES, INC.",1,1
"LISATA THERAPEUTICS, INC.",1,1
LOCEMIA SOLUTIONS ULC,1,1
LONDON SCHOOL OF HYGIENE AND TROPICAL MEDICINE,1,1
LUNDQUIST INSTITUTE FOR BIOMEDICAL INNOVATION AT HARBOR-UCLA MEDICAL CENTER,1,1
"LYELL IMMUNOPHARMA, INC",1,1
MACANXIETY RESEARCH CENTRE,1,1
MALLINCKRODT ARD LLC,1,1
"MAREA THERAPEUTICS, INC.",1,1
"MARENGO THERAPEUTICS, INC.",1,1
"MARIUS PHARMACEUTICALS, LLC",1,1
MASSACHUSETTS GENERAL HOSPITAL,1,1
MATRIZYME PHARMA CORPORATION,1,1
"MAVRIX BIO, LLC",1,1
"MAYNE PHARMA, LLC",1,1
MAYO CLINIC CANCER CENTER,1,1
MCGILL UNIVERSITY HEALTH CENTRE RESEARCH INSTITUTE,1,1
MCMASTER UNIVERSITY MEDICAL CENTRE,1,1
MDVI LLC,1,1
MEDA PHARMA GMBH & CO. KG,1,1
"MEDEOR THERAPEUTICS, INC.",1,1
MEDIAR THERAPEUTICS,1,1
MEDICA SCIENTIA INNOVATION RESEARCH,1,1
MEDICENNA THERAPEUTICS INC.,1,1
MEDICINOVA INC,1,1
MEDIPROBE RESEARCH INC,1,1
MEDITI PHARMA INC,1,1
MEDTRACE PHARMA A/S,1,1
MEMORIAL UNIVERSITY,1,1
MEMORIAL UNIVERSITY OF NEWFOUNDLAND,1,1
MEREO BIOPHARMA 3 LIMITED,1,1
MEREO BIOPHARMA 4 LTD,1,1
MERZ PHARMA CANADA LTD,1,1
MESOBLAST INC,1,1
MGB BIOPHARMA LIMITED,1,1
MICHAEL GARRON HOSPITAL,1,1
MICROBARIC OXYGEN SYSTEMS LLC,1,1
"MILTENYI BIOMEDICINE, GMBH",1,1
MINNEAPOLIS MEDICAL RESEARCH FOUNDATION,1,1
"MIRADOR THERAPEUTICS, INC.",1,1
"MIRUM PHARMACEUTICALS, INC.",1,1
"MITSUBISHI TANABE PHARMACEUTICAL AMERICA, INC",1,1
MOFFITT CANCER CENTER,1,1
MOLECULAR  INSIGHT  PHARMACEUTICALS INC,1,1
MOLECULAR TEMPLATES,1,1
MONOSOL RX LLC,1,1
"MONTE ROSA THERAPEUTICS, INC",1,1
MONTREAL GENERAL HOSPITAL,1,1
MOOD AND ANXIETY DISORDERS INC,1,1
"MORPHIC THERAPEUTIC, INC.",1,1
MOUNT SINAI MEDICAL CENTER,1,1
MUNDIPHARM RESEARCH GMBH & CO. KG,1,1
MURDOCH CHILDREN'S RESEARCH INSTITUTE,1,1
"MYCOVIA PHARMACEUTICALS, INC.",1,1
MYLAN PHARMA UK LTD,1,1
MYLAN TECHNOLOGIES INC,1,1
NATIONAL MARROW DONOR PROGRAM,1,1
NATIONAL SURGICAL ADJUVANT BREAST AND BOWEL PROJECT FOUNDATION INC,1,5
"NAUREX, INC",1,1
"NAVIGATOR MEDICINES, INC.",1,1
NEOLEUKIN THERAPEUTICS INC.,1,1
NEOMED INSTITUTE,1,1
NEOMORPH INC.,1,1
NERRE THERAPEUTICS LTD,1,1
NEURACLE GENETICS INC.,1,1
NEURALTUS PHARMACEUTICALS INC,1,1
NEURALY INC,1,1
NEUREN PHARMACEUTICALS LTD.,1,1
NEURIM PHARMACEUTICALS (1991) LTD,1,1
NEUROGENE INC.,1,1
NEUROSENSE THERAPEUTICS,1,1
NEUROTRIALS LLC,1,1
NEWLINK GENETICS,1,1
NEWRON PHARMACEUTICALS S.P.A.,1,1
NEXT CONSORTIUM,1,1
"NGM BIOPHARMACEUTICALS, INC.",1,1
NICHOLAS JAMES AINSWORTH,1,1
"NIMBUS LAKSHMI, INC.",1,1
"NIMBUS WADJET, INC.",1,1
NITRIC SOLUTIONS INC,1,1
"NKGEN BIOTECH, INC.",1,1
NMD PHARMA A/S,1,1
"NOBIAS THERAPEUTICS, INC",1,1
"NOCION THERAPEUTICS, INC",1,1
NOEMA PHARMA AG,1,1
NORTHERN BIOLOGICS,1,1
NORTHSEA THERAPEUTICS B.V.,1,1
NORTHWESTERN UNIVERSITY,1,1
NOUSCOM S.R.L.,1,1
NOVA MENTIS LIFE SCIENCE CORP,1,1
NOVADAQ TECHNOLOGIES INC,1,1
NOVADAQ TECHNOLOGIES ULC,1,1
NOVARTIS VACCINE AND DIAGNOSTICS AG,1,1
NOVARTIS VACCINES AND DIAGNOSTICS INC,1,1
NOVIMMUNE S.A.,1,1
NOVO NORDISK AS,1,1
NOVOCURE GMBH,1,1
"NOVOME BIOTECHNOLOGIES, INC.",1,1
NOVOTERIS LLC,1,1
NOVUS THERAPEUTICS INC,1,1
NUCANA PLC,1,1
"NUVIG THERAPEUTICS, INC.",1,1
NUVO RESEARCH INC,1,1
"OCELLARIS PHARMA, INC.",1,1
"OCELOT BIO, INC.",1,1
OCERA THERAPEUTICS INC,1,1
OCUGEN,1,1
ODYSSEY THERAPEUTICS,1,1
OHB NEONATOLOGY LTD,1,1
ONCOBIOLOGICS INC,1,1
"ONCOC4, INC.",1,1
"ONCOMED PHARMACEUTICALS, INC",1,1
"ONCONOVA THERAPEUTICS, INC",1,1
"ONCORUS,  INC",1,1
ONCOSEC MEDICAL INCORPORATED,1,1
ONCOVERITY INC,1,1
ONCOVIR,1,1
ONCOZYME PHARMA INC,1,1
"ONCXERNA THERAPEUTICS, INC",1,1
"ONL THERAPEUTICS, INC.",1,1
ONO PHARMACEUTICAL CO LTD,1,1
OPELLA HEALTHCARE GROUP SAS,1,1
OPHTHOTECH CORPORATION,1,1
OPKO BIOLOGICS LTD.,1,1
"OPNA-IO, LLC",1,1
"OPSIDIO, LLC",1,1
OPTINA DIAGNOSTICS,1,1
ORBUS THERAPEUTICS INC,1,1
ORCA THERAPEUTICS B.V.,1,1
ORTHOPAEDIC INNOVATION CENTRE,1,1
OVID THERAPEUTICS INC,1,1
OXTHERA INTELLECTUAL PROPERTY AB,1,1
PACIFIC PEDIATRIC NEURO-ONCOLOGY CONSORTIUM,1,1
PACYLEX PHARMACEUTICALS INC.,1,1
PAION UK LIMITED,1,1
PALISADE BIO,1,1
"PALLADIO BIOSCIENCES, INC.",1,1
"PANAFINA, INC.",1,1
PARADIGM BIOPHARMACEUTICALS (USA) INC.,1,1
PARION SCIENCES INCORPORATED,1,1
PARTNER THERAPEUTICS,1,1
PAXVAX CORPORATION,1,1
PEDIATRIC CANCER IMMUNOTHERAPY TRIALS NETWORK,1,1
PEGA-ONE S.A.S.,1,1
"PELAGE PHARMACEUTICALS, INC.",1,1
PETER MERKEL,1,1
PHARMA TWO B LTD,1,1
PHARMAAND GMBH,1,1
PHARMACYCLICS SWITZERLAND GMBH,1,1
"PHARMAMATRIX HOLDING, LTD.",1,1
PHARMAPLANTER TECHNOLOGIES INC.,1,1
PHARMING TECHNOLOGIES BV,1,1
PHOENICIA BIOSCIENCES INC.,1,1
PHOILEX LTD.,1,1
PIERRE FABRE MEDICAMENT,1,1
"PIKAVATION THERAPEUTICS, INC.",1,1
"POLARIS PHARMACEUTICALS, INC. (A SUBSIDIARY OF POLARIS GROUP)",1,1
POLYNOMA LLC,1,1
PORTOLA PHARMACEUTICALS INC,1,1
PPM SERVICES S.A.,1,1
PRAIRIE MOUNTAIN HEALTH,1,1
PRAIRIE PLANT SYSTEMS INC,1,1
PRCL RESEARCH INC,1,1
PRECIRIX NV,1,1
"PREMACURE AB, A MEMBER OF THE SHIRE GROUP OF COMPANIES",1,1
PRILENIA NEUROTHERAPEUTICS LTD.,1,1
PRILENIA THERAPEUTICS B.V.,1,1
"PRIME MEDICINE, INC.",1,1
"PROJENX, INC.",1,1
PROKIDNEY,1,1
PROMETHEUS LABORATORIES INCORPORATED USA,1,1
PROQR THERAPEUTICS,1,1
PROQR THERAPEUTICS III B.V.,1,1
"PROTARA THERAPEUTICS, INC",1,1
PROTEINQURE INC.,1,1
"PROTEON THERAPEUTICS, INC",1,1
PROVIDENCE THERAPEUTICS HOLDINGS INC,1,1
PROVIDENCE THERAPEUTICS INC,1,1
PSILO SCIENTIFIC LTD.,1,1
PSYCHEDELIC RESEARCH CONSULTANTS INC.,1,1
"PULMOVANT, INC.",1,1
Q32 BIO INC,1,1
QANATPHARMA AG,1,1
QLT INC,1,1
QURALIS CORPORATION,1,1
"R ADAMS COWLEY SHOCK TRAUMA CENTER, UNIVERSITY OF MARYLAND",1,1
RADIALIS INC,1,1
RADIUS HEALTH INC,1,1
"RADIUS PHARMACEUTICALS, INC",1,1
RAFAEL PHARMACEUTICALS INC,1,1
RAIN ONCOLOGY INC,1,1
RAIN THERAPEUTICS INC,1,1
RALEXAR THERAPEUTICS INC,1,1
RATIO THERAPEUTICS INC.,1,1
RECEPTOS INCORPORATED,1,1
RECRO PHARMA INC,1,1
"RECURSION PHARMACEUTICALS, INC.",1,1
RED MAPLE TRIALS INC,1,1
"REDNVIA CO., LTD.",1,1
REGENERA PHARMA LTD.,1,1
REGINA QU'APPELLE HEALTH REGION,1,1
REGULUS THERAPEUTICS INC,1,1
REILEY PHARMACEUTICALS INC,1,1
REISTONE BIOPHARMA COMPANY LIMITED,1,1
"REPLIMUNE, INC.",1,1
RESEARCH ST. JOSEPH'S - HAMILTON,1,1
RESPIVANT SCIENCES GMBH,1,1
RESTORBIO INC,1,1
REVIRAL LTD.,1,1
RGENTA THERAPEUTICS INC.,1,1
RHIZEN PHARMACEUTICALS SA,1,1
RIGSHOSPITALET,1,1
RIPPLE THERAPEUTICS CORPORATION,1,1
ROMARK LABORATORIES L.C.,1,1
"ROYAL JUBILEE HOSPITAL, VANCOUVER ISLAND HEALTH AUTHORITY",1,1
ROYAL UNIVERSITY HOSPITAL,1,1
S T A R T CLINIC FOR MOOD & ANXIETY DISORDERS,1,1
SAINT LUKE'S HOSPITAL OF KANSAS CITY,1,1
SAINT-LOUIS UNIVERSITY,1,1
SALSPERA LLP,1,1
SANDOZ CANADA INCORPORATED,1,1
SANGAMO THERAPEUTICS,1,1
SASKATCHEWAN HEALTH AUTHORITY ¿ REGINA AREA,1,1
SASKATOON HEALTH REGION (ROYAL UNIVERSITY HOSPITAL),1,1
"SATELLOS BIOSCIENCE, INC.",1,1
SAULT AREA HOSPITAL,1,1
SBI ALAPHARMA CANADA INC.,1,1
"SCHOLAR ROCK, INC",1,1
SCHRODINGER INC,1,1
SCICLONE PHARMACEUTICALS INC,1,1
"SCLERODERMA RESEARCH FOUNDATION, INC.",1,1
SELLAS LIFE SCIENCES GROUP INC,1,1
